-- ==============================================================================================
-- Universidad Central de Venezuela
-- Proyecto Fase 2: FanHub
-- Archivo: Lookups.sql
-- Descripción: Script de inicialización de datos maestros (Catálogos).
-- Instrucciones: Ejecutar este script DESPUÉS de crear las tablas y ANTES de insertar 
--                usuarios, creadores o publicaciones.
-- ==============================================================================================

USE FanHub;
GO


PRINT 'Iniciando carga de datos de Catálogos...';

IF OBJECT_ID('Categoria', 'U') IS NOT NULL
BEGIN

    BEGIN TRY SET IDENTITY_INSERT Categoria ON; END TRY BEGIN CATCH END CATCH;

    INSERT INTO Categoria (id, nombre, descripcion) VALUES
    (1, 'Gaming', 'Transmisiones en vivo de videojuegos, eSports y speedruns.'),
    (2, 'Fitness', 'Rutinas de ejercicio, nutrición, dietas y bienestar físico.'),
    (3, 'Tecnología', 'Reseñas de gadgets, tutoriales de programación y software.'),
    (4, 'Arte Digital', 'Ilustraciones, diseño gráfico, modelado 3D y animación.'),
    (5, 'Música', 'Covers, composiciones originales, partituras y clases de instrumentos.'),
    (6, 'Cocina', 'Recetas paso a paso, técnicas culinarias y repostería.'),
    (7, 'Vlogs', 'Blogs en video sobre estilo de vida, moda y viajes alrededor del mundo.'),
    (8, 'Educación', 'Cursos, apoyo académico, idiomas y divulgación científica.'),
    (9, 'ASMR', 'Contenido auditivo y visual relajante (respuestas meridianas sensoriales).'),
    (10, 'Comedia', 'Sketches, stand-up, parodias y contenido humorístico en general.'),
    (11, 'Moda y Belleza', 'Maquillaje, cuidado de la piel, outfits y reseñas de productos.'),
    (12, 'Viajes', 'Turismo, guías de ciudades, mochileros y reseñas de hoteles.'),
    (13, 'Finanzas Personales', 'Inversiones, criptomonedas, ahorro y educación financiera.'),
    (14, 'Deportes', 'Análisis de partidos, noticias deportivas y entrevistas a atletas.'),
    (15, 'Cine y TV', 'Reseñas de películas, análisis de series y noticias de Hollywood.'),
    (16, 'Literatura', 'Reseñas de libros, clubes de lectura y consejos de escritura.'),
    (17, 'Manualidades', 'DIY, costura, carpintería y proyectos para el hogar.'),
    (18, 'Política y Noticias', 'Análisis de actualidad, debates y reportajes de investigación.'),
    (19, 'Mascotas', 'Adiestramiento canino, cuidados, acuarios y veterinaria básica.'),
    (20, 'Astrología y Esoterismo', 'Horóscopos, tarot, espiritualidad y meditación.'),
    (21, 'Cosplay', 'Creación de trajes, props, maquillaje FX y sesiones fotográficas temáticas.'),
    (22, 'Fotografía y Modelaje', 'Sesiones de fotos profesionales, detrás de cámaras y poses.'),
    (23, 'Anime y Manga', 'Reseñas, teorías, fan-fiction y discusión sobre cultura otaku.'),
    (24, 'Podcasts', 'Programas de audio, entrevistas, storytelling y charlas en formato episódico.');

    BEGIN TRY SET IDENTITY_INSERT Categoria OFF; END TRY BEGIN CATCH END CATCH;
    PRINT 'Catálogo [Categoria] insertado correctamente (24 registros).';
END
ELSE
BEGIN
    PRINT 'ERROR: La tabla Categoria no existe. Verifique su DDL.';
END
GO

IF OBJECT_ID('TipoReaccion', 'U') IS NOT NULL
BEGIN
    BEGIN TRY SET IDENTITY_INSERT TipoReaccion ON; END TRY BEGIN CATCH END CATCH;

    INSERT INTO TipoReaccion (id, nombre, emoji_code) VALUES
    (1, 'Me gusta', '👍'),
    (2, 'Me encanta', '❤️'),
    (3, 'Me divierte', '😂'),
    (4, 'Fuego', '🔥'),
    (5, 'Me entristece', '😢'),
    (6, 'Me asombra', '😲'),
    (7, 'Me enfurece', '😡');

    BEGIN TRY SET IDENTITY_INSERT TipoReaccion OFF; END TRY BEGIN CATCH END CATCH;
    PRINT 'Catálogo [TipoReaccion] insertado correctamente (7 registros).';
END
ELSE
BEGIN
    PRINT 'ERROR: La tabla TipoReaccion no existe. Verifique su DDL.';
END
GO

PRINT 'Carga de Catálogos finalizada exitosamente.';
GO

PRINT 'Insertando Usuarios Bloque 1 (1-125)...';

PRINT 'Insertando Usuarios Bloque 1 (Realista: Países variados y estados activos/inactivos)...';

INSERT INTO Usuario (email, password_hash, nickname, fecha_nacimiento, pais, esta_activo) VALUES
('carla.perez88@gmail.com', 'Azul_4492*!', 'CarlitaP', '1988-03-12', 'VE', 1),
('j_rodriguez_v@outlook.com', 'Delta-99-Xyz', 'JuanchoRod', '1995-07-22', 'CO', 1),
('mari_musica2026@yahoo.com', 'Piano#Keys.26', 'MariMelody', '2001-11-05', 'ES', 0), -- Cuenta Inactiva
('teto_gaming@gmail.com', 'Gamer.Quest_82', 'TetoPlayer', '1992-01-30', 'MX', 1),
('vicky_ucv@ucv.ve', 'Estudio_404_!', 'VickyStudy', '2003-05-14', 'VE', 1),
('dark_knight99@hotmail.com', 'Gotham.City_1', 'Shadow99', '1999-09-09', 'US', 1),
('elena.castillo.chef@gmail.com', 'Sabor_Gourmet.9', 'ChefElena', '1985-04-20', 'VE', 1),
('pedro_el_pro@gmail.com', 'Password_1234!', 'PedroPro', '1990-12-25', 'AR', 1),
('sofia_vlogsv@outlook.es', 'Camera_Rec.2024', 'SofiVlogs', '2000-02-14', 'CL', 1),
('luis_runner_24@gmail.com', 'Maraton_Vzla.94', 'LuisFit24', '1994-06-18', 'VE', 1),
('marianita.u@gmail.com', 'Luna_Llena.04', 'MaruMoon', '2004-08-30', 'MX', 0), -- Cuenta Inactiva
('jose.antonio.v@yahoo.com', 'Red_Bull_82', 'JoseAN', '1982-10-12', 'VE', 1),
('gabo_art@icloud.com', 'Lienzo.Canvas!7', 'GaboPinta', '1997-01-05', 'ES', 1),
('daniela_2003@hotmail.com', 'Orquidea_Vzla*', 'DaniPink', '2003-03-22', 'CO', 1),
('roberto_b_ucv@ucv.ve', 'Admin_DB_2024!', 'RobDBA', '1991-05-19', 'VE', 1),
('andrea_fitness_ve@gmail.com', 'Proteina_Fit.93', 'AndyFit', '1993-09-04', 'VE', 1),
('karlos_rock@outlook.com', 'Guitar_Solo.89', 'KarlosR', '1989-02-28', 'AR', 1),
('paola_comics@gmail.com', 'Marvel_Dc_2002', 'PaolaGeek', '2002-12-10', 'MX', 1),
('samuel.dev@github.com', 'Stack_Overflow_!', 'SamuCode', '1996-11-20', 'US', 1),
('lucia_beauty_ve@gmail.com', 'Glitter_Spark.98', 'LuMakeup', '1998-07-07', 'VE', 1),
('felipe_v_88@yahoo.es', 'Santiago_2024!', 'Pipe88', '1988-04-15', 'CL', 1),
('ana_sofia_vzla@gmail.com', 'Caracas_Avila_1', 'AnaS', '1994-01-01', 'VE', 1),
('ricardo_tech@outlook.com', 'Binary_Code_92', 'RickGadget', '1992-08-12', 'MX', 1),
('beba_2005@hotmail.com', 'Fresa_Candy_05', 'LaBeba', '2005-02-10', 'VE', 0), -- Cuenta Inactiva
('manuel_pro_99@gmail.com', 'Madrid_Champ_99', 'Manu99', '1999-11-30', 'ES', 1),
('andres.lugo@gmail.com', 'Clave_Segura_11', 'AndyLugo', '1991-05-12', 'VE', 1),
('beatriz_vargas@yahoo.com', 'Cafe_Colombiano.1', 'BeaV', '1987-09-22', 'CO', 1),
('carlos_eduardo_2024@outlook.com', 'Tigres_Aragua_!', 'Carlitos24', '2001-11-05', 'VE', 1),
('diana_carolina_m@gmail.com', 'Azteca_Sun_1996', 'DianaM', '1996-01-30', 'MX', 1),
('eduardo.perez.ucv@ucv.ve', 'Ingenieria_UCV*', 'EduUCV', '2002-05-14', 'VE', 1),
('fabiana_estilo@hotmail.com', 'Vogue_Style_98', 'FabiStyle', '1998-09-09', 'ES', 1),
('gustavo.gallegos@gmail.com', 'Asado_Pampa_85', 'GusG', '1985-04-20', 'AR', 1),
('helena_vlogs@gmail.com', 'Travel_World.90', 'HeleVlogs', '1990-12-25', 'VE', 1),
('ivan_tecnico@outlook.es', 'Hardware_Xpert_!', 'IvanTech', '1994-02-14', 'MX', 1),
('julia_fitness_ucv@ucv.ve', 'Squat_Power_94', 'JuliaFit', '1994-06-18', 'VE', 0), -- Cuenta Inactiva
('kevin_gamer_vzla@gmail.com', 'Rgb_Lights_2004', 'KevinG', '2004-08-30', 'VE', 1),
('laura.mendez.82@yahoo.com', 'Bogota_Cold_82', 'LauM82', '1982-10-12', 'CO', 1),
('mario_art_design@icloud.com', 'Photoshop_Pro_!', 'MarioArt', '1997-01-05', 'ES', 1),
('natalia_paz_2003@hotmail.com', 'Paz_Interior.03', 'NatyP', '2003-03-22', 'CL', 1),
('oscar_rojas_ucv@ucv.ve', 'Ciencias_UCV.91', 'OscarR', '1991-05-19', 'VE', 1),
('patricia_fit@gmail.com', 'Yoga_Zen_1993', 'PattyFit', '1993-09-04', 'VE', 1),
('quintero_karlos@outlook.com', 'Baires_Night.89', 'KarlosQ', '1989-02-28', 'AR', 1),
('rosa_comics@gmail.com', 'Anime_Lover_02', 'RosaGeek', '2002-12-10', 'MX', 1),
('sergio.dev.ucv@ucv.ve', 'Linux_User_1996', 'SergiDev', '1996-11-20', 'VE', 1),
('tatiana_beauty@gmail.com', 'Lipstick_Red_98', 'TatiMakeup', '1998-07-07', 'CO', 1),
('ulises_v_88@yahoo.es', 'Odisea_2024*', 'Ulises88', '1988-04-15', 'ES', 1),
('valeria_sofia@gmail.com', 'Mariposa_Vzla.1', 'ValeS', '1994-01-01', 'VE', 1),
('wilmer_tech@outlook.com', 'Silicon_Valley.1', 'WilTech', '1992-08-12', 'MX', 1),
('ximena_2005@hotmail.com', 'Andes_Chile_05', 'Xime05', '2005-02-10', 'CL', 0), -- Cuenta Inactiva
('yohan_pro_99@gmail.com', 'Cyber_Punk_99', 'Yohan99', '1999-11-30', 'VE', 1),
('zoe.martinez@gmail.com', 'Barcelona_04!', 'ZoeM', '2004-03-12', 'ES', 1),
('angel_gabriel_v@outlook.com', 'Angel_Guard_95', 'AngelG', '1995-07-22', 'VE', 1),
('barbara_musica@yahoo.com', 'Violin_Concert!', 'BarbyM', '2001-11-05', 'AR', 1),
('christian_gaming@gmail.com', 'Noob_Slayer_92', 'ChrisG', '1992-01-30', 'VE', 1),
('daniela_ucv@ucv.ve', 'Magangu_UCV_03', 'DaniUCV', '2003-05-14', 'VE', 1),
('esteban_knight@hotmail.com', 'Dark_Soul_1999', 'EstebanK', '1999-09-09', 'MX', 1),
('flavia.castillo@gmail.com', 'Vino_Tinto_85', 'FlaviC', '1985-04-20', 'CL', 1),
('gerardo_el_pro@gmail.com', 'Pro_Player_1225', 'GeraPro', '1990-12-25', 'VE', 1),
('isabel_vlogsv@outlook.es', 'Sunset_Ibiza_!', 'IsaVlogs', '2000-02-14', 'ES', 1),
('juan_runner@gmail.com', 'Kilometro_42!', 'JuanFit', '1994-06-18', 'CO', 0), -- Cuenta Inactiva
('karla.u@gmail.com', 'Margarita_Sun!', 'KarlaU', '2004-08-30', 'VE', 1),
('leonardo.v@yahoo.com', 'Leo_Constel.82', 'LeoV', '1982-10-12', 'VE', 1),
('monica_art@icloud.com', 'Art_Attack_97', 'MoniArt', '1997-01-05', 'AR', 1),
('nelson_2003@hotmail.com', 'Zapata_MX_03', 'Nel2003', '2003-03-22', 'MX', 1),
('olga_b_ucv@ucv.ve', 'Plaza_Rectorado', 'OlgaUCV', '1991-05-19', 'VE', 1),
('pablo_fitness@gmail.com', 'Gym_Rat_1993!', 'PablitoFit', '1993-09-04', 'ES', 1),
('rebeca_rock@outlook.com', 'Heavy_Metal_89', 'RebeRock', '1989-02-28', 'CL', 1),
('santiago_comics@gmail.com', 'Bat_Cave_2024', 'SantiGeek', '2002-12-10', 'VE', 1),
('tomas.dev@github.com', 'Git_Push_Origin', 'TomasDev', '1996-11-20', 'CO', 1),
('ursula_beauty@gmail.com', 'Mascara_Black!', 'UrsMakeup', '1998-07-07', 'MX', 1),
('vicente_v_88@yahoo.es', 'Tequila_Boom_!', 'Vicent88', '1988-04-15', 'VE', 1),
('wendy_sofia@gmail.com', 'Patagonia_Sky!', 'WendyS', '1994-01-01', 'AR', 0), -- Cuenta Inactiva
('xavier_tech@outlook.com', 'X_Factor_2024!', 'XaviTech', '1992-08-12', 'VE', 1),
('yoli_2005@hotmail.com', 'Sevilla_Ole_05', 'Yoli05', '2005-02-10', 'ES', 1),
('zulema_pro_99@gmail.com', 'Chichen_Itza_!', 'Zule99', '1999-11-30', 'MX', 1),
('antonio.lugo@gmail.com', 'Salto_Angel_91', 'AntLugo', '1991-05-12', 'VE', 1),
('belen_vargas@yahoo.com', 'Arepa_Reina_87', 'BelenV', '1987-09-22', 'VE', 1),
('claudio_2024@outlook.com', 'Cartagena_2024', 'Clau24', '2001-11-05', 'CO', 1),
('doris_m@gmail.com', 'Madrid_Puerta_1', 'DorisM', '1996-01-30', 'ES', 1),
('elias.perez.ucv@ucv.ve', 'Pasillo_Nubes!', 'EliasUCV', '2002-05-14', 'VE', 1),
('francia_estilo@hotmail.com', 'Catwalk_Paris!', 'FranStyle', '1998-09-09', 'MX', 1),
('german.gallegos@gmail.com', 'Gaucho_Power_!', 'GerG', '1985-04-20', 'AR', 1),
('hilda_vlogs@gmail.com', 'Roraima_Trek_!', 'HilVlogs', '1990-12-25', 'VE', 1),
('ismael_tecnico@outlook.es', 'Overclock_2024', 'IsmaTech', '1994-02-14', 'CO', 1),
('jazmin_fitness_ucv@ucv.ve', 'Burpee_King_94', 'JazFit', '1994-06-18', 'VE', 1),
('karim_gamer@gmail.com', 'Steam_Deck_04!', 'KarimG', '2004-08-30', 'ES', 0), -- Cuenta Inactiva
('lina.mendez@yahoo.com', 'Tacos_Al_Pastor', 'LinaM', '1982-10-12', 'MX', 1),
('marcos_art@icloud.com', 'Ink_Design_1997', 'MarcosArt', '1997-01-05', 'VE', 1),
('nora_paz@hotmail.com', 'Morrocoy_Blue_!', 'NoraP', '2003-03-22', 'VE', 1),
('omar_rojas_ucv@ucv.ve', 'Mendoza_Wine_!', 'OmarR', '1991-05-19', 'AR', 1),
('pilar_fit@gmail.com', 'Atacama_Star_!', 'PiliFit', '1993-09-04', 'CL', 1),
('rafael_karlos@outlook.com', 'Los_Roques_Vzla', 'RafaK', '1989-02-28', 'VE', 1),
('silvia_comics@gmail.com', 'Wonder_Woman_02', 'SilviaGeek', '2002-12-10', 'CO', 1),
('tobias.dev@ucv.ve', 'Javascript_Vzla', 'TobiDev', '1996-11-20', 'MX', 1),
('vanessa_beauty@gmail.com', 'Eyeliner_Sharp!', 'VaneMakeup', '1998-07-07', 'VE', 1),
('walter_v_88@yahoo.es', 'Sagrada_Fam_88', 'Walter88', '1988-04-15', 'ES', 1),
('yenny_sofia@gmail.com', 'Tango_Gardel_94', 'YennyS', '1994-01-01', 'AR', 1),
('zacarías_tech@outlook.com', 'Tech_Support_92', 'ZacaTech', '1992-08-12', 'VE', 1),
('ana_2005@hotmail.com', 'Viña_Del_Mar_05', 'Ana05', '2005-02-10', 'CL', 1),
('boris_pro_99@gmail.com', 'Warzone_King_99', 'Boris99', '1999-11-30', 'VE', 1),
('celina.martinez@gmail.com', 'Eje_Cafetero_!', 'CeliM', '2004-03-12', 'CO', 1),
('david_gabriel@outlook.com', 'Cancun_Party_95', 'DavidG', '1995-07-22', 'MX', 0), -- Cuenta Inactiva
('elsa_musica@yahoo.com', 'Sinfonia_N9_01', 'ElsaM', '2001-11-05', 'VE', 1),
('freddy_gaming@gmail.com', 'Fortnite_Win_92', 'FredG', '1992-01-30', 'ES', 1),
('gloria_ucv@ucv.ve', 'Iguazu_Falls_03', 'GloUCV', '2003-05-14', 'AR', 1),
('hugo_knight@hotmail.com', 'Excalibur_1999', 'HugoK', '1999-09-09', 'VE', 1),
('iris.castillo@gmail.com', 'Maya_Ruins_1985', 'IrisC', '1985-04-20', 'MX', 1),
('javier_el_pro@gmail.com', 'Valparaiso_2024', 'JaviPro', '1990-12-25', 'CL', 1),
('katy_vlogsv@outlook.es', 'Influencer_Life', 'KatyV', '2000-02-14', 'VE', 1),
('luis_runner@gmail.com', 'Medellin_Run_94', 'LuchoFit', '1994-06-18', 'CO', 1),
('maira.u@gmail.com', 'Margarita_Is_04', 'MairaU', '2004-08-30', 'VE', 1),
('noé.v@yahoo.com', 'Alhambra_Granada', 'NoeV', '1982-10-12', 'ES', 1),
('perla_art@icloud.com', 'Frida_Kahlo_97!', 'PerlaArt', '1997-01-05', 'MX', 0), -- Cuenta Inactiva
('raul_2003@hotmail.com', 'Salto_Angel_2003', 'Raul2003', '2003-03-22', 'VE', 1),
('sandra_b_ucv@ucv.ve', 'Aconcagua_1991', 'SandraUCV', '1991-05-19', 'AR', 1),
('tulio_fitness@gmail.com', 'Crossfit_Vzla!', 'TulioFit', '1993-09-04', 'VE', 1),
('vladimir_rock@outlook.com', 'Torres_Del_Paine', 'VladyR', '1989-02-28', 'CL', 1),
('yaritza_comics@gmail.com', 'Otaku_Vzla_2002', 'YariGeek', '2002-12-10', 'MX', 1),
('zoilo.dev@github.com', 'Python_Scripts_!', 'ZoiloDev', '1996-11-20', 'VE', 1),
('alba_beauty@gmail.com', 'Sevilla_Makeup_!', 'AlbaMakeup', '1998-07-07', 'ES', 1),
('bruno_v_88@yahoo.es', 'Monserrate_2024', 'Bruno88', '1988-04-15', 'CO', 1),
('consuelo_sofia@gmail.com', 'Avila_Magico_94', 'ConsuS', '1994-01-01', 'VE', 1),
('dario_tech@outlook.com', 'Intel_Core_I9_!', 'DarioTech', '1992-08-12', 'MX', 1),
('esperanza_2005@hotmail.com', 'Canaima_2005_!', 'Espe05', '2005-02-10', 'VE', 1),
('fausto_pro_99@gmail.com', 'Patagonia_Ice_!', 'Fausto99', '1999-11-30', 'AR', 1);

INSERT INTO Usuario (email, password_hash, nickname, fecha_nacimiento, pais, esta_activo) VALUES
('guido.lugo@gmail.com', 'Verano_Eterno.2024', 'GuidoL', '1991-05-12', 'VE', 1),
('herminia_vargas@yahoo.com', 'Mariposa_Azul_!9', 'HermiV', '1987-09-22', 'MX', 1),
('ismael_2024@outlook.com', 'Clave.Segura.88*', 'Isma24', '2001-11-05', 'ES', 1),
('juana_m@gmail.com', 'Orquidea_4492#', 'JuanaM', '1996-01-30', 'VE', 1),
('kike.perez.ucv@ucv.ve', 'Nubes_Gris_2022', 'KikeUCV', '2002-05-14', 'AR', 0), -- Inactiva
('leonor_estilo@hotmail.com', 'Moda_Paris_2024!', 'LeoStyle', '1998-09-09', 'CL', 1),
('manuel.gallegos@gmail.com', 'Sinfonia_N5_2024', 'ManuelG', '1985-04-20', 'VE', 1),
('nina_vlogs@gmail.com', 'Viaje_Destino_90', 'NinaVlogs', '1990-12-25', 'MX', 1),
('orlando_tecnico@outlook.es', 'Hardware_Xpert_!', 'OrliTech', '1994-02-14', 'CO', 1),
('paula_fitness_ucv@ucv.ve', 'Squat_Max_94*', 'PaulaFit', '1994-06-18', 'VE', 1),
('quino_gamer@gmail.com', 'Joystick_Fire_04', 'QuinoG', '2004-08-30', 'ES', 1),
('rita.mendez@yahoo.com', 'Cafe_Mañana_1982', 'RitaM', '1982-10-12', 'VE', 1),
('simon_art@icloud.com', 'Pincel_Oleo_97!', 'SimonArt', '1997-01-05', 'AR', 1),
('teresa_paz@hotmail.com', 'Zen_Garden_2003', 'TereP', '2003-03-22', 'CL', 1),
('ubaldo_rojas_ucv@ucv.ve', 'Aula_Magna_1991', 'UbaldoR', '1991-05-19', 'VE', 0), -- Inactiva
('vicky_fit@gmail.com', 'Cardio_Time_93!', 'VickyFit', '1993-09-04', 'MX', 1),
('wilfredo_karlos@outlook.com', 'Baires_Tango_89', 'WilK', '1989-02-28', 'CO', 1),
('yanet_comics@gmail.com', 'Super_Hero_2002', 'YanetGeek', '2002-12-10', 'VE', 1),
('zenon.dev@ucv.ve', 'Javascript_King_!', 'ZenDev', '1996-11-20', 'ES', 1),
('adriana_beauty@gmail.com', 'Mascara_Black_98', 'AdriMakeup', '1998-07-07', 'VE', 1),
('benito_v_88@yahoo.es', 'Cordillera_88*', 'Benito88', '1988-04-15', 'AR', 1),
('clara_sofia@gmail.com', 'Luna_Brillante_!', 'ClaraS', '1994-01-01', 'VE', 1),
('diego_tech@outlook.com', 'Binary_Tree_92!', 'DiegoTech', '1992-08-12', 'MX', 1),
('elena_2005@hotmail.com', 'Estrella_Fugaz_0', 'Ele05', '2005-02-10', 'CL', 1),
('felipe_pro_99@gmail.com', 'Warzone_Pro_99!', 'Felipe99', '1999-11-30', 'VE', 0), -- Inactiva
('gabriela.martinez@gmail.com', 'Pura_Vida_2024*', 'GabiM', '2004-03-12', 'CO', 1),
('hector_gabriel@outlook.com', 'Iberia_Fly_95!', 'HectoG', '1995-07-22', 'ES', 1),
('ines_musica@yahoo.com', 'Clave_De_Sol_01', 'InesM', '2001-11-05', 'VE', 1),
('jesus_gaming@gmail.com', 'Headshot_Master_!', 'JesuG', '1992-01-30', 'AR', 1),
('karina_ucv@ucv.ve', 'Pasillo_Nubes_03', 'KariUCV', '2003-05-14', 'MX', 1),
('luciano_knight@hotmail.com', 'Excalibur_1999*', 'LuciK', '1999-09-09', 'VE', 1),
('miriam.castillo@gmail.com', 'Vino_Tinto_1985', 'MiriC', '1985-04-20', 'CL', 1),
('nestor_el_pro@gmail.com', 'Medellin_Tech_90', 'NesPro', '1990-12-25', 'CO', 1),
('ofelia_vlogsv@outlook.es', 'Playa_Sol_2000!', 'OfeVlogs', '2000-02-14', 'VE', 1),
('pascual_runner@gmail.com', 'Maraton_42K_1994', 'PasFit', '1994-06-18', 'MX', 0), -- Inactiva
('queila.u@gmail.com', 'Sagrada_Fam_04!', 'QueiU', '2004-08-30', 'ES', 1),
('ramon.v@yahoo.com', 'Salto_Angel_1982', 'RamonV', '1982-10-12', 'VE', 1),
('sara_art@icloud.com', 'Canvas_Blue_97*', 'SaraArt', '1997-01-05', 'AR', 1),
('tito_2003@hotmail.com', 'Atacama_Star_03', 'Tito2003', '2003-03-22', 'CL', 1),
('ursula_b_ucv@ucv.ve', 'Ucv_Patrimonio_!', 'UrsuUCV', '1991-05-19', 'VE', 1),
('victor_fitness@gmail.com', 'Strong_Mind_93!', 'VictFit', '1993-09-04', 'MX', 1),
('wendy_rock@outlook.com', 'Coffee_Break_89', 'WenRock', '1989-02-28', 'CO', 1),
('xandra_comics@gmail.com', 'Anime_Vibe_2002', 'XandraG', '2002-12-10', 'VE', 1),
('yoel.dev@github.com', 'Python_Dev_1996', 'YoelDev', '1996-11-20', 'ES', 1),
('zulay_beauty@gmail.com', 'Lipstick_Red_98', 'ZulayMakeup', '1998-07-07', 'VE', 1),
('abel_v_88@yahoo.es', 'Pampa_Argentina_!', 'Abel88', '1988-04-15', 'AR', 1),
('blanca_sofia@gmail.com', 'Ciudad_Mexico_94', 'BlancaS', '1994-01-01', 'MX', 0), -- Inactiva
('cesar_tech@outlook.com', 'Cyber_Security_9', 'CesarTech', '1992-08-12', 'VE', 1),
('dora_2005@hotmail.com', 'Cartagena_2005!', 'Dora05', '2005-02-10', 'CO', 1),
('emilio_pro_99@gmail.com', 'Avila_Caracas_99', 'Emilio99', '1999-11-30', 'VE', 1),
('fanny.lugo@gmail.com', 'Sevilla_Ole_1991', 'FannyL', '1991-05-12', 'ES', 1),
('gilberto_vargas@yahoo.com', 'Obelisco_Buenos_A', 'GilV', '1987-09-22', 'AR', 1),
('humberto_2024@outlook.com', 'Teleferico_2024!', 'Humb24', '2001-11-05', 'VE', 1),
('iris_m@gmail.com', 'Chichen_Itza_96', 'IrisM_88', '1996-01-30', 'MX', 1),
('jorge.perez.ucv@ucv.ve', 'Ingenieria_UCV_0', 'JorgeUCV', '2002-05-14', 'CO', 1),
('karla_estilo@hotmail.com', 'Glamour_Vzla_98', 'KarlaStyle', '1998-09-09', 'VE', 1),
('lorenzo.gallegos@gmail.com', 'Madrid_Center_85', 'LorenG', '1985-04-20', 'ES', 1),
('marta_vlogs@gmail.com', 'Rosario_City_90', 'MartaV', '1990-12-25', 'AR', 0), -- Inactiva
('noelia_tecnico@outlook.es', 'Windows_System_!', 'NoeTech', '1994-02-14', 'VE', 1),
('oscar_fitness_ucv@ucv.ve', 'Pull_Up_Master_9', 'OscarFit', '1994-06-18', 'MX', 1),
('perla_gamer@gmail.com', 'Twitch_Stream_04', 'PerlaG', '2004-08-30', 'VE', 1),
('quinto.mendez@yahoo.com', 'Bogota_Cold_82!', 'QuinM', '1982-10-12', 'CO', 1),
('rodolfo_art@icloud.com', 'Illustrator_97*', 'RodoArt', '1997-01-05', 'VE', 1),
('susana_paz@hotmail.com', 'Barcelona_Beach_!', 'SusaP', '2003-03-22', 'ES', 1),
('teodoro_rojas_ucv@ucv.ve', 'Cataratas_2024!', 'TeoUCV', '1991-05-19', 'AR', 1),
('ursula_fit@gmail.com', 'Yoga_Sunrise_93', 'UrsuFit', '1993-09-04', 'VE', 1),
('valerio_karlos@outlook.com', 'Cancun_Vacation_!', 'ValK', '1989-02-28', 'MX', 1),
('wendy_comics@gmail.com', 'Dc_Universe_2002', 'WenGeek', '2002-12-10', 'VE', 1),
('xavier.dev@ucv.ve', 'Full_Stack_2024', 'XaviDev', '1996-11-20', 'CO', 1),
('yolanda_beauty@gmail.com', 'Makeup_Artist_98', 'YoliMakeup', '1998-07-07', 'ES', 1),
('zoraida_v_88@yahoo.es', 'Patagonia_Ice_88', 'Zora88', '1988-04-15', 'AR', 1),
('agustin_sofia@gmail.com', 'Roraima_Trek_94!', 'AgusS', '1994-01-01', 'VE', 1),
('beltran_tech@outlook.com', 'Silicon_Valley_92', 'BelTech', '1992-08-12', 'MX', 1),
('clotilde_2005@hotmail.com', 'Morrocoy_Island_!', 'Cloti05', '2005-02-10', 'VE', 0), -- Inactiva
('dionisio_pro_99@gmail.com', 'Coffee_Region_99', 'Dio99', '1999-11-30', 'CO', 1),
('estefania.martinez@gmail.com', 'Prado_Museum_04', 'EstefiM', '2004-03-12', 'ES', 1),
('fausto_gabriel@outlook.com', 'Tierra_Fuego_95', 'FaustoG', '1995-07-22', 'AR', 1),
('gertrudis_musica@yahoo.com', 'Voz_Angelical_01', 'GertruM', '2001-11-05', 'VE', 1),
('hernan_gaming@gmail.com', 'Speed_Run_1992!', 'HernanG', '1992-01-30', 'MX', 1),
('itziar_ucv@ucv.ve', 'Reloj_Ucv_2024', 'ItziUCV', '2003-05-14', 'VE', 1),
('jacinto_knight@hotmail.com', 'Castle_Siege_99', 'JacinK', '1999-09-09', 'CO', 1),
('kika.castillo@gmail.com', 'Alhambra_Night_!', 'KikaC', '1985-04-20', 'ES', 1),
('leandro_el_pro@gmail.com', 'Mendoza_Wine_90', 'LeanPro', '1990-12-25', 'AR', 1),
('maite_vlogsv@outlook.es', 'Influencer_Vzla_!', 'MaiteV', '2000-02-14', 'VE', 1),
('nicolas_runner@gmail.com', 'Azteca_Stadium_9', 'NicoFit', '1994-06-18', 'MX', 1),
('oliva.u@gmail.com', 'Isla_Margarita_!', 'OlivaU', '2004-08-30', 'VE', 1),
('pánfilo.v@yahoo.com', 'Monserrate_1982', 'PanfiV', '1982-10-12', 'CO', 1),
('querubín_art@icloud.com', 'Abstract_Art_97!', 'QueruArt', '1997-01-05', 'ES', 0), -- Inactiva
('rosario_2003@hotmail.com', 'Cataratas_Iguazu', 'Rosar2003', '2003-03-22', 'AR', 1),
('sixto_b_ucv@ucv.ve', 'Plaza_Cubierta_!', 'SixtoUCV', '1991-05-19', 'VE', 1),
('telmo_fitness@gmail.com', 'Crossfit_Mex_93', 'TelmoFit', '1993-09-04', 'MX', 1),
('urbano_rock@outlook.com', 'Valencia_Rock_89', 'UrbaRock', '1989-02-28', 'VE', 1),
('veneranda_comics@gmail.com', 'Graphic_Novel_02', 'VeneGeek', '2002-12-10', 'CO', 1),
('wenceslao.dev@github.com', 'Github_Copilot_!', 'WenceDev', '1996-11-20', 'ES', 1),
('ximena_beauty@gmail.com', 'Bariloche_Snow_!', 'XimMakeup', '1998-07-07', 'AR', 1),
('yaiza_v_88@yahoo.es', 'Avila_Magico_88', 'Yaiza88', '1988-04-15', 'VE', 1),
('zenobia_sofia@gmail.com', 'Tulum_Beach_1994', 'ZenoS', '1994-01-01', 'MX', 1),
('aristides_tech@outlook.com', 'Cali_Salsa_1992', 'ArisTech', '1992-08-12', 'CO', 1),
('bonifacio_2005@hotmail.com', 'Pico_Bolivar_05', 'Boni05', '2005-02-10', 'VE', 1),
('casimiro_pro_99@gmail.com', 'Grial_De_Fuego_!', 'Casi99', '1999-11-30', 'ES', 1),
('dorotea.martinez@gmail.com', 'Mendoza_Uvas_04', 'DoroM', '2004-03-12', 'AR', 1),
('eusebio_gabriel@outlook.com', 'Caracas_Ccs_1995', 'EuseG', '1995-07-22', 'VE', 1),
('felicidad_musica@yahoo.com', 'Mariachi_Vibe_01', 'FeliM', '2001-11-05', 'MX', 1),
('gervasio_gaming@gmail.com', 'Medellin_Gamer_!', 'GervaG', '1992-01-30', 'CO', 1),
('honorato_ucv@ucv.ve', 'Toledo_Spain_03', 'HonoUCV', '2003-05-14', 'ES', 1),
('iluminada_knight@hotmail.com', 'Gladiador_1999!', 'IlumiK', '1999-09-09', 'AR', 1),
('jenaro.castillo@gmail.com', 'Amazonas_Vzla_85', 'JenaC', '1985-04-20', 'VE', 1),
('kristel_el_pro@gmail.com', 'Cancun_Beach_90', 'KrisPro', '1990-12-25', 'MX', 1),
('liberato_vlogsv@outlook.es', 'Angel_Falls_2000', 'LibeV', '2000-02-14', 'VE', 1),
('macario_runner@gmail.com', 'Ruta_Del_Sol_1994', 'MacaFit', '1994-06-18', 'CO', 0), -- Inactiva
('ninfa.u@gmail.com', 'Pirineos_2004!', 'NinfaU', '2004-08-30', 'ES', 1),
('onofre.v@yahoo.com', 'Pampa_Viento_82', 'OnofV', '1982-10-12', 'AR', 1),
('pancracio_art@icloud.com', 'Pintura_Acril_97', 'PancraArt', '1997-01-05', 'VE', 1),
('quiteria_2003@hotmail.com', 'Acapulco_03_!', 'Quiter2003', '2003-03-22', 'MX', 1),
('robustiano_b_ucv@ucv.ve', 'Barranquilla_91!', 'RobuUCV', '1991-05-19', 'CO', 1),
('servanda_fitness@gmail.com', 'Ibiza_Workout_93', 'ServaFit', '1993-09-04', 'ES', 1),
('teofila_rock@outlook.com', 'Rock_Argento_89', 'TeoRock', '1989-02-28', 'AR', 1),
('venerando_comics@gmail.com', 'Marvel_Comic_02', 'VeneGeek_2', '2002-12-10', 'VE', 1),
('waldo.dev@github.com', 'Docker_Compose_!', 'WaldoDev', '1996-11-20', 'MX', 1),
('xuxa_beauty@gmail.com', 'Orquidea_Beauty!', 'XuxaMakeup', '1998-07-07', 'VE', 1),
('yadira_v_88@yahoo.es', 'San_Andres_88!', 'Yadi88', '1988-04-15', 'CO', 0), -- Inactiva
('zenaido_sofia@gmail.com', 'Madrid_Puerta_94', 'ZenaS', '1994-01-01', 'ES', 1),
('anacleto_tech@outlook.com', 'Tango_Pasion_92', 'AnacTech', '1992-08-12', 'AR', 1),
('beremundo_2005@hotmail.com', 'Llanos_Vzla_05!', 'Bere05', '2005-02-10', 'VE', 1),
('crispín_pro_99@gmail.com', 'Mayas_Ruinas_99!', 'Cris99', '1999-11-30', 'MX', 1);


INSERT INTO Creador (idUsuario, biografia, banco_nombre, banco_cuenta, es_nsfw, idCategoria) VALUES

(4, 'Soy Teto y aquí verás los mejores speedruns de México.', 'Santander México', 55443322110099887766, 0, 1),
(7, 'Soy Elena Castillo. Te enseño el secreto de la mejor arepa venezolana.', 'Banesco', 01346666777788889999, 0, 6),
(13, 'Gabo al aparato. Ilustración digital desde Madrid.', 'BBVA España', 20381234567890123456, 0, 4),
(22, 'Hola, soy Ana Sofía. Tips para que tu perrito sea el más feliz.', 'Banco de Venezuela', 01021234123412341234, 0, 19),
(33, 'Acompaña a Helena en sus viajes por los rincones de Venezuela.', 'Mercantil', 01059988776655443322, 0, 12),
(45, 'Soy Tatiana y te traigo los mejores looks de Bogotá.', 'Bancolombia', 00071122334455667788, 0, 11),
(54, 'Christian aquí. El canal de eSports más grande de la UCV.', 'BNC', 01910000111122223333, 0, 1),
(68, 'Santiago te cuenta todo sobre cómics y Marvel/DC.', 'Provincial', 01087766554433221100, 0, 23),
(73, 'Xavier te explica cómo armar tu PC sin morir.', 'Banesco', 01345544332211009988, 0, 3),
(82, 'Soy Gustavo. Te enseño a invertir tus pesos argentinos.', 'Banco Galicia', 00000007111122223333, 0, 13),
(95, 'Vanessa al habla. Skincare real para chicas reales.', 'Bancamiga', 01728877665544332211, 0, 11),
(104, 'Freddy en directo. El terror español tiene un nuevo nombre.', 'CaixaBank', 21004455667788990011, 0, 1),
(116, 'Soy Tulio. Sin excusas, entrena conmigo desde casa.', 'Banesco', 01343322110099887766, 0, 2),
(129, 'Soy Juana M. Viajes baratos por Latinoamérica.', 'Banco del Tesoro', 01631212343456567878, 0, 12),
(144, 'Soy Zenón. Tutoriales de Backend y bases de datos.', 'Banco Santander', 00499900881177226633, 0, 3),
(157, 'Hola, soy Miriam. Dulces chilenos y repostería.', 'BancoEstado', 00125566778899001122, 0, 6),
(168, 'Soy Xandra. Debate semanal sobre anime de temporada.', 'Banesco', 01342233445566778899, 0, 23),
(182, 'Lorenzo aquí. Fotografía de paisajes y retratos.', 'BBVA España', 20380099887766554433, 0, 22),
(194, 'Soy Xavier. Creando videojuegos desde Medellín.', 'Banco de Occidente', 00231133557799112244, 0, 3),
(205, 'Soy Itziar. Tutorías de cálculo para la UCV.', 'Mercantil', 01055544332211009988, 0, 8),

(218, 'Veneranda: Contenido exclusivo y sesiones privadas.', 'Banco de Bogotá', 00016677889900112233, 1, 10),
(229, 'Gervasio: Modelaje artístico y fitness sin censura.', 'Davivienda', 00514433221100998877, 1, 2),
(233, 'Kristel: El lado más picante de la política.', 'Banamex', 00020011223344556677, 1, 18),
(244, 'Waldo: Sesiones nocturnas y contenido para adultos.', 'Banorte', 00729988776655443322, 1, 10),
(250, 'Cris: Descubre lo que no muestro en mis redes públicas.', 'Santander México', 55440011223344556677, 1, 7);

INSERT INTO NivelSuscripcion (idCreador, nombre, descripcion, precio_actual, esta_activo, orden) VALUES
-- 1. TetoPlayer (ID 4)
(4, 'Fan Gamer', 'Acceso al Discord exclusivo.', 4.99, 1, 1),
(4, 'Pro Gamer', 'Partidas personalizadas conmigo.', 14.99, 1, 2),
-- 2. ChefElena (ID 7)
(7, 'Pinche', 'Recetas en PDF cada mes.', 5.00, 1, 1),
(7, 'Sous Chef', 'Clases en vivo por Zoom.', 15.00, 1, 2),
-- 3. GaboPinta (ID 13)
(13, 'Boceto', 'Acceso a dibujos tempranos.', 5.00, 1, 1),
(13, 'Lienzo', 'Archivos fuente de mis artes.', 15.00, 1, 2),
(13, 'Obra Maestra', 'Dibujo personalizado mensual.', 50.00, 1, 3),
-- 4. AnaS (ID 22)
(22, 'Amigo Peludo', 'Tips de cuidado para mascotas.', 8.00, 1, 1),
-- 5. HeleVlogs (ID 33)
(33, 'Turista', 'Vlogs exclusivos de viajes.', 5.99, 1, 1),
(33, 'Explorador', 'Guía de sitios no turísticos.', 12.50, 1, 2),
-- 6. TatiMakeup (ID 45)
(45, 'Espejo', 'Tips de maquillaje diario.', 4.99, 1, 1),
(45, 'Pasarela', 'Maquillaje para eventos nivel pro.', 20.00, 1, 2),
-- 7. ChrisG (ID 54)
(54, 'Noob', 'Insignia de seguidor.', 2.00, 1, 1),
(54, 'MVP', 'Sorteos de periféricos mensuales.', 10.00, 1, 2),
-- 8. SantiGeek (ID 68)
(68, 'Nakama', 'Análisis profundo de manga.', 7.00, 1, 1),
-- 9. XaviTech (ID 73)
(73, 'Usuario', 'Guías de hardware.', 10.00, 1, 1),
(73, 'Root', 'Asesoría remota para tu PC.', 35.00, 1, 2),
-- 10. GerG (ID 82)
(82, 'Inversor', 'Portafolio de acciones real.', 40.00, 1, 1),
(82, 'Lobo', 'Mentoría financiera 1 a 1.', 90.00, 1, 2),
-- 11. VaneMakeup (ID 95)
(95, 'Básico', 'Lista de productos recomendados.', 5.00, 1, 1),
(95, 'Premium', 'Rutina de piel personalizada.', 25.00, 1, 2),
-- 12. FredG (ID 104)
(104, 'Superviviente', 'Acceso a directos guardados.', 5.00, 1, 1),
-- 13. TulioFit (ID 116)
(116, 'Principiante', 'Biblioteca de ejercicios.', 10.00, 1, 1),
(116, 'Atleta', 'Plan de entrenamiento mensual.', 25.00, 1, 2),
(116, 'Elite', 'Plan nutricional + Coach.', 70.00, 1, 3),
-- 14. JuanaM (ID 129)
(129, 'Mochilero', 'Tips para viajar con poco dinero.', 5.00, 1, 1),
(129, 'Vagamundo', 'Itinerarios detallados por país.', 15.00, 1, 2),
-- 15. ZenDev (ID 144)
(144, 'Junior', 'Acceso a código de tutoriales.', 15.00, 1, 1),
(144, 'Senior', 'Code Review de tus proyectos.', 45.00, 1, 2),
-- 16. MiriC (ID 157)
(157, 'Azúcar', 'Receta dulce semanal.', 4.50, 1, 1),
(157, 'Pastelero', 'Curso de repostería avanzada.', 20.00, 1, 2),
-- 17. XandraG (ID 168)
(168, 'Otaku', 'Votación de próximos temas.', 5.00, 1, 1),
-- 18. LorenG (ID 182)
(182, 'Lente', 'Wallpapers en 4K.', 3.00, 1, 1),
(182, 'Enfoque', 'Presets de edición de fotos.', 12.00, 1, 2),
(182, 'Exposición', 'Curso de iluminación.', 40.00, 1, 3),
-- 19. XaviDev (ID 194)
(194, 'Beta Tester', 'Prueba mis juegos antes.', 8.00, 1, 1),
(194, 'Co-Developer', 'Decide cambios en el juego.', 30.00, 1, 2),
-- 20. ItziUCV (ID 205)
(205, 'Estudiante', 'Guías de estudio UCV.', 5.00, 1, 1),
(205, 'Becado', 'Clase grabada de temas difíciles.', 15.00, 1, 2),
-- 21. Veneranda (ID 218 - NSFW)
(218, 'Privado', 'Fotos exclusivas sin censura.', 20.00, 1, 1),
(218, 'VIP Diamond', 'Chat directo y videos.', 50.00, 1, 2),
-- 22. Gervasio (ID 229 - NSFW)
(229, 'Acceso Total', 'Contenido fitness explícito.', 30.00, 1, 1),
-- 23. Kristel (ID 233 - NSFW)
(233, 'Secretaria', 'Detrás de cámaras picante.', 25.00, 1, 1),
-- 24. Waldo (ID 244 - NSFW)
(244, 'Hacker Hott', 'Contenido privado exclusivo.', 20.00, 1, 1),
(244, 'Admin Access', 'Todo el catálogo + webcam.', 60.00, 1, 2),
-- 25. Cris (ID 250 - NSFW)
(250, 'Vecino', 'Historias sin filtro.', 10.00, 1, 1),
(250, 'Íntimo', 'Contenido 1 a 1.', 40.00, 1, 2);

PRINT 'Insertando 200 cabeceras en la tabla Publicacion (Distribución Realista)...';

INSERT INTO Publicacion (idCreador, titulo, fecha_publicacion, es_publica, tipo_contenido) VALUES
-- Creador 4: TetoPlayer (Muy activo: 15 publicaciones)
(4, 'Speedrun Mario 64 100%', '2024-01-01', 1, 'VIDEO'),
(4, 'Mi Setup Gaming 2024', '2024-01-02', 1, 'IMAGEN'),
(4, 'Trucos ocultos Zelda TOTK', '2024-01-03', 0, 'TEXTO'),
(4, 'Review: ¿Vale la pena la PS5 Pro?', '2024-01-04', 1, 'VIDEO'),
(4, 'Mi colección de consolas retro', '2024-01-05', 0, 'IMAGEN'),
(4, 'Estrategia para el jefe final', '2024-01-06', 1, 'TEXTO'),
(4, 'Vlog: Mi viaje a la E3', '2024-01-07', 0, 'VIDEO'),
(4, 'Top 10 juegos de terror', '2024-01-08', 1, 'TEXTO'),
(4, 'Jugando con fans en vivo', '2024-01-09', 1, 'VIDEO'),
(4, 'El drama de los micropagos', '2024-01-10', 0, 'TEXTO'),
(4, 'Unboxing teclado mecánico', '2024-01-11', 1, 'VIDEO'),
(4, 'Foto en la Comic-Con', '2024-01-12', 1, 'IMAGEN'),
(4, 'Guía de trofeos difíciles', '2024-01-13', 0, 'TEXTO'),
(4, 'Gameplay de juego indie raro', '2024-01-14', 1, 'VIDEO'),
(4, 'Spoiler: El final de X juego', '2024-01-15', 0, 'TEXTO'),

-- Creador 7: ChefElena (Activa: 12 publicaciones)
(7, 'Arepas perfectas paso a paso', '2024-01-01', 1, 'VIDEO'),
(7, 'Ingredientes para asado negro', '2024-01-02', 1, 'TEXTO'),
(7, 'Mi cocina recién pintada', '2024-01-03', 1, 'IMAGEN'),
(7, 'Receta secreta de mi abuela', '2024-01-04', 0, 'TEXTO'),
(7, 'Cómo curar un budare', '2024-01-05', 1, 'VIDEO'),
(7, 'Cena navideña venezolana', '2024-01-06', 0, 'IMAGEN'),
(7, 'Postres típicos de Caracas', '2024-01-07', 1, 'TEXTO'),
(7, 'Video: Preparando Hallacas', '2024-01-08', 0, 'VIDEO'),
(7, 'Tips para arroz sueltito', '2024-01-09', 1, 'TEXTO'),
(7, 'Foto: Mi primer restaurante', '2024-01-10', 1, 'IMAGEN'),
(7, 'Salsa picante artesanal', '2024-01-11', 0, 'TEXTO'),
(7, 'Vlog en el mercado central', '2024-01-12', 1, 'VIDEO'),

-- Creador 13: GaboPinta (Moderado: 10 publicaciones)
(13, 'Speedpaint: Retrato Cyberpunk', '2024-01-01', 1, 'VIDEO'),
(13, 'Teoría del color avanzada', '2024-01-02', 1, 'TEXTO'),
(13, 'Bocetos de mi nueva serie', '2024-01-03', 0, 'IMAGEN'),
(13, 'Pinceles de Photoshop gratis', '2024-01-04', 0, 'TEXTO'),
(13, 'Inspiración en Madrid', '2024-01-05', 1, 'IMAGEN'),
(13, 'Cómo dibujar manos realistas', '2024-01-06', 0, 'VIDEO'),
(13, 'Mi proceso creativo diario', '2024-01-07', 1, 'TEXTO'),
(13, 'Fanart de One Piece finalizado', '2024-01-08', 1, 'IMAGEN'),
(13, 'Diseño de personajes 101', '2024-01-09', 1, 'VIDEO'),
(13, 'Crítica a mi arte antiguo', '2024-01-10', 1, 'IMAGEN'),

-- Creador 218: Veneranda (Muy activa/NSFW: 14 publicaciones)
(218, 'Bienvenida a mi lado privado', '2024-01-01', 1, 'TEXTO'),
(218, 'Sesión de lencería roja', '2024-01-02', 0, 'IMAGEN'),
(218, 'Video bailando para ti', '2024-01-03', 0, 'VIDEO'),
(218, 'Qué me gusta en la cama', '2024-01-04', 0, 'TEXTO'),
(218, 'Foto mañanera sin filtro', '2024-01-05', 1, 'IMAGEN'),
(218, 'Detrás de cámaras sesión', '2024-01-06', 0, 'VIDEO'),
(218, 'Preguntas calientes respondidas', '2024-01-07', 0, 'TEXTO'),
(218, 'Outfit de noche picante', '2024-01-08', 1, 'IMAGEN'),
(218, 'Video: Probándome ropa', '2024-01-09', 0, 'VIDEO'),
(218, 'Confesiones de medianoche', '2024-01-10', 0, 'TEXTO'),
(218, 'En la ducha (Preview)', '2024-01-11', 1, 'IMAGEN'),
(218, 'Video: ASMR sugerente', '2024-01-12', 0, 'VIDEO'),
(218, 'Mi juguete favorito', '2024-01-13', 0, 'IMAGEN'),
(218, 'Plan para el fin de semana', '2024-01-14', 1, 'TEXTO'),

-- Creador 22: AnaS (Moderada: 8 publicaciones)
(22, 'Adiestramiento básico canino', '2024-01-01', 1, 'VIDEO'),
(22, 'Alimentos prohibidos perros', '2024-01-02', 1, 'TEXTO'),
(22, 'Foto alumnos peludos', '2024-01-03', 1, 'IMAGEN'),
(22, 'Guía para cachorros nuevos', '2024-01-04', 0, 'TEXTO'),
(22, 'Cómo bañar a tu gato', '2024-01-05', 1, 'VIDEO'),
(22, 'Juguetes caseros DIY', '2024-01-06', 0, 'IMAGEN'),
(22, 'Salud dental mascota', '2024-01-07', 1, 'TEXTO'),
(22, 'Vlog: Un día en el refugio', '2024-01-08', 0, 'VIDEO'),

-- Creador 250: Cris (NSFW: 10 publicaciones)
(250, 'Descubre mi secreto', '2024-01-01', 1, 'TEXTO'),
(250, 'Galería exclusiva playa', '2024-01-02', 0, 'IMAGEN'),
(250, 'Video: Ejercicio en casa', '2024-01-03', 1, 'VIDEO'),
(250, 'Lo que no ves en Instagram', '2024-01-04', 0, 'IMAGEN'),
(250, 'Mi fantasía más recurrente', '2024-01-05', 0, 'TEXTO'),
(250, 'Video: Close up', '2024-01-06', 0, 'VIDEO'),
(250, 'Foto: Sin nada de ropa', '2024-01-07', 0, 'IMAGEN'),
(250, 'Hablemos por privado', '2024-01-08', 1, 'TEXTO'),
(250, 'Video: Dándome un baño', '2024-01-09', 0, 'VIDEO'),
(250, 'Nuevas fotos mañana', '2024-01-10', 1, 'IMAGEN'),

(33, 'Ruta por los Roques', '2024-01-01', 1, 'VIDEO'),
(33, 'Presupuesto España', '2024-01-02', 1, 'TEXTO'),
(33, 'Atardecer Gran Sabana', '2024-01-03', 1, 'IMAGEN'),
(33, 'Tips de maleta', '2024-01-04', 0, 'TEXTO'),
(33, 'Vlog: Comiendo calle', '2024-01-05', 1, 'VIDEO'),
(33, 'Mapa sitios ocultos', '2024-01-06', 0, 'IMAGEN'),
(33, 'Seguro de viaje', '2024-01-07', 1, 'TEXTO'),

(45, 'Maquillaje ojos marrones', '2024-01-01', 1, 'VIDEO'),
(45, 'Look oficina elegante', '2024-01-02', 1, 'TEXTO'),
(45, 'Colección labiales', '2024-01-03', 1, 'IMAGEN'),
(45, 'Skincare nocturno', '2024-01-04', 0, 'TEXTO'),
(45, 'Pestañas postizas', '2024-01-05', 1, 'VIDEO'),
(45, 'Outfit del día Bogotá', '2024-01-06', 0, 'IMAGEN'),
(45, 'Productos terminados', '2024-01-07', 1, 'TEXTO'),

(54, 'Torneo Valorant UCV', '2024-01-01', 1, 'VIDEO'),
(54, 'Mejores settings FPS', '2024-01-02', 1, 'TEXTO'),
(54, 'Foto equipo ganador', '2024-01-03', 1, 'IMAGEN'),
(54, 'Análisis parche actual', '2024-01-04', 0, 'TEXTO'),
(54, 'Entrenamiento Aiming', '2024-01-05', 1, 'VIDEO'),
(54, 'Teclado mecánico nuevo', '2024-01-06', 0, 'IMAGEN'),
(54, 'Cómo entrar a equipo pro', '2024-01-07', 1, 'TEXTO'),

(68, 'Review: Final temporada', '2024-01-01', 1, 'VIDEO'),
(68, 'Teorías One Piece', '2024-01-02', 1, 'TEXTO'),
(68, 'Colección figuras', '2024-01-03', 1, 'IMAGEN'),
(68, 'Top animes infravalorados', '2024-01-04', 0, 'TEXTO'),
(68, 'Unboxing edición especial', '2024-01-05', 1, 'VIDEO'),
(68, 'Poster exclusivo', '2024-01-06', 0, 'IMAGEN'),
(68, 'Crítica animación', '2024-01-07', 1, 'TEXTO'),

(73, 'PC gamer de $500', '2024-01-01', 1, 'VIDEO'),
(73, 'Guía compra monitores', '2024-01-02', 1, 'TEXTO'),
(73, 'Foto placa madre', '2024-01-03', 1, 'IMAGEN'),
(73, 'Optimizar Windows', '2024-01-04', 0, 'TEXTO'),
(73, 'Limpieza profunda PC', '2024-01-05', 1, 'VIDEO'),
(73, 'Setup luces ARGB', '2024-01-06', 0, 'IMAGEN'),
(73, 'Intel vs AMD 2024', '2024-01-07', 1, 'TEXTO'),

(82, 'Invertir bolsa 101', '2024-01-01', 1, 'VIDEO'),
(82, 'Plan ahorro 50-30-20', '2024-01-02', 1, 'TEXTO'),
(82, 'Gráfico mercado hoy', '2024-01-03', 1, 'IMAGEN'),
(82, 'Análisis criptos', '2024-01-04', 0, 'TEXTO'),
(82, 'Declarar impuestos', '2024-01-05', 1, 'VIDEO'),
(82, 'Dividendos del mes', '2024-01-06', 0, 'IMAGEN'),
(82, 'Errores al invertir', '2024-01-07', 1, 'TEXTO'),

(95, 'Rutina piel grasa', '2024-01-01', 1, 'VIDEO'),
(95, 'Guía bloqueadores', '2024-01-02', 1, 'TEXTO'),
(95, 'Favoritos Sephora', '2024-01-03', 1, 'IMAGEN'),
(95, 'Ingredientes nocivos', '2024-01-04', 0, 'TEXTO'),
(95, 'Facial en casa', '2024-01-05', 1, 'VIDEO'),
(95, 'Antes y después', '2024-01-06', 0, 'IMAGEN'),
(95, 'Acné adulto tips', '2024-01-07', 1, 'TEXTO'),

(104, 'Directo Resident Evil', '2024-01-01', 1, 'VIDEO'),
(104, 'Survival Horror historia', '2024-01-02', 1, 'TEXTO'),
(104, 'Cosplay Leon Kennedy', '2024-01-03', 1, 'IMAGEN'),
(104, 'Misterios sin resolver', '2024-01-04', 0, 'TEXTO'),
(104, 'Jugando con subs', '2024-01-05', 1, 'VIDEO'),
(104, 'Silla gamer nueva', '2024-01-06', 0, 'IMAGEN'),
(104, 'Ranking Silent Hill', '2024-01-07', 1, 'TEXTO'),

(116, 'Pecho y tríceps', '2024-01-01', 1, 'VIDEO'),
(116, 'Proteína importancia', '2024-01-02', 1, 'TEXTO'),
(116, 'Foto progreso 6m', '2024-01-03', 1, 'IMAGEN'),
(116, 'Lesiones sentadilla', '2024-01-04', 0, 'TEXTO'),
(116, 'Cardio HIIT 15m', '2024-01-05', 1, 'VIDEO'),
(116, 'Comida pre-entreno', '2024-01-06', 0, 'IMAGEN'),
(116, 'Mitos fitness', '2024-01-07', 1, 'TEXTO'),

(129, 'Vivir con $10 Lima', '2024-01-01', 1, 'VIDEO'),
(129, 'Apps para nómadas', '2024-01-02', 1, 'TEXTO'),
(129, 'Vista hostal hostil', '2024-01-03', 1, 'IMAGEN'),
(129, 'Vuelos baratos tips', '2024-01-04', 0, 'TEXTO'),
(129, 'Cruzando frontera', '2024-01-05', 1, 'VIDEO'),
(129, 'Foto Salar Uyuni', '2024-01-06', 0, 'IMAGEN'),
(129, 'Mochila 40L equipo', '2024-01-07', 1, 'TEXTO'),

(144, 'SQL Server Linux', '2024-01-01', 1, 'VIDEO'),
(144, 'Principios SOLID', '2024-01-02', 1, 'TEXTO'),
(144, 'Diagrama DB Pro', '2024-01-03', 1, 'IMAGEN'),
(144, 'Trucos VS Code', '2024-01-04', 0, 'TEXTO'),
(144, 'API con Node.js', '2024-01-05', 1, 'VIDEO'),
(144, 'Mi estación trabajo', '2024-01-06', 0, 'IMAGEN'),
(144, 'Python 2024', '2024-01-07', 1, 'TEXTO'),

(157, 'Tarta chocolate', '2024-01-01', 1, 'VIDEO'),
(157, 'Harinas repostería', '2024-01-02', 1, 'TEXTO'),
(157, 'Cupcakes decorados', '2024-01-03', 1, 'IMAGEN'),
(157, 'Sustitutos huevo', '2024-01-04', 0, 'TEXTO'),
(157, 'Pan masa madre', '2024-01-05', 1, 'VIDEO'),
(157, 'Dulces chilenos', '2024-01-06', 0, 'IMAGEN'),
(157, 'Historia pastelería', '2024-01-07', 1, 'TEXTO'),

(168, 'Final Shingeki', '2024-01-01', 1, 'VIDEO'),
(168, 'Animes invierno', '2024-01-02', 1, 'TEXTO'),
(168, 'Tatuaje anime nuevo', '2024-01-03', 1, 'IMAGEN'),
(168, 'Análisis Eren', '2024-01-04', 0, 'TEXTO'),
(168, 'Akihabara CCS Vlog', '2024-01-05', 1, 'VIDEO'),
(168, 'Wallpapers HD', '2024-01-06', 0, 'IMAGEN'),
(168, 'Industria manga', '2024-01-07', 1, 'TEXTO'),

(182, 'Larga exposición', '2024-01-01', 1, 'VIDEO'),
(182, 'Cobrar por fotos', '2024-01-02', 1, 'TEXTO'),
(182, 'Retrato B&N', '2024-01-03', 1, 'IMAGEN'),
(182, 'Ajustes secretos', '2024-01-04', 0, 'TEXTO'),
(182, 'Edición Lightroom', '2024-01-05', 1, 'VIDEO'),
(182, 'Paisaje Montaña', '2024-01-06', 0, 'IMAGEN'),
(182, 'Equipo mínimo', '2024-01-07', 1, 'TEXTO'),

(194, 'Devlog #1 Game', '2024-01-01', 1, 'VIDEO'),
(194, 'IA enemigos Unity', '2024-01-02', 1, 'TEXTO'),
(194, 'Concept Art Prota', '2024-01-03', 1, 'IMAGEN'),
(194, 'Publicar en Steam', '2024-01-04', 0, 'TEXTO'),
(194, 'Tutorial partículas', '2024-01-05', 1, 'VIDEO'),
(194, 'Mapa Nivel 1', '2024-01-06', 0, 'IMAGEN'),
(194, 'Assets 3D optimizar', '2024-01-07', 1, 'TEXTO'),

(205, 'Derivadas 101', '2024-01-01', 1, 'VIDEO'),
(205, 'Integrales PDF', '2024-01-02', 1, 'TEXTO'),
(205, 'Pizarra de hoy', '2024-01-03', 1, 'IMAGEN'),
(205, 'Estudiar parcial', '2024-01-04', 0, 'TEXTO'),
(205, 'Examen 2023 Solución', '2024-01-05', 1, 'VIDEO'),
(205, 'Funciones raras', '2024-01-06', 0, 'IMAGEN'),
(205, 'Libros Cálculo', '2024-01-07', 1, 'TEXTO'),

(229, 'Modelaje Fitness', '2024-01-01', 1, 'IMAGEN'),
(229, 'Rutina sin ropa', '2024-01-02', 0, 'VIDEO'),
(229, 'Plan nutricional', '2024-01-03', 1, 'TEXTO'),
(229, 'Fotos espejo gym', '2024-01-04', 0, 'IMAGEN'),
(229, 'Video: Flexiones', '2024-01-05', 0, 'VIDEO'),
(229, 'Mídeme', '2024-01-06', 0, 'TEXTO'),

(233, 'Política picante', '2024-01-01', 1, 'TEXTO'),
(233, 'Debate en lencería', '2024-01-02', 0, 'VIDEO'),
(233, 'Fotos despacho', '2024-01-03', 0, 'IMAGEN'),
(233, 'Lo que no dicen', '2024-01-04', 1, 'TEXTO'),
(233, 'Video: Discurso privado', '2024-01-05', 0, 'VIDEO'),

(244, 'Noche de hacking', '2024-01-01', 1, 'VIDEO'),
(244, 'Fotos setup oscuro', '2024-01-02', 0, 'IMAGEN'),
(244, 'Charla sin censura', '2024-01-03', 0, 'TEXTO'),
(244, 'Video: Webcam live', '2024-01-04', 0, 'VIDEO'),
(244, 'Mi código secreto', '2024-01-05', 0, 'IMAGEN');

PRINT 'Insertando Segundo Bloque de 200 Publicaciones (201 - 400)...';

INSERT INTO Publicacion (idCreador, titulo, fecha_publicacion, es_publica, tipo_contenido) VALUES
-- Creador 4
(4, 'Speedrun Elden Ring sin morir', '2024-02-01', 1, 'VIDEO'),
(4, 'Cómo configurar OBS para stream', '2024-02-03', 1, 'TEXTO'),
(4, 'Mi nueva silla ergonómica', '2024-02-05', 0, 'IMAGEN'),
(4, 'Análisis: El futuro de Nintendo', '2024-02-07', 1, 'TEXTO'),
(4, 'Captura: Mi personaje nivel 100', '2024-02-10', 0, 'IMAGEN'), -- Cambiado a IMAGEN
(4, 'Falla técnica en vivo (Clip)', '2024-02-12', 1, 'VIDEO'),
(4, 'Colección de mandos raros', '2024-02-14', 1, 'IMAGEN'),
(4, 'Por qué dejé de jugar shooters', '2024-02-16', 0, 'TEXTO'),

-- Creador 7
(7, 'Pan de jamón: Receta profesional', '2024-02-01', 1, 'VIDEO'),
(7, 'Guía de especias del Caribe', '2024-02-02', 1, 'TEXTO'),
(7, 'Organización de mi despensa', '2024-02-04', 1, 'IMAGEN'),
(7, 'Infografía: Especias esenciales', '2024-02-06', 0, 'IMAGEN'), -- Cambiado a IMAGEN
(7, 'Cocinando con 1 dólar', '2024-02-08', 1, 'VIDEO'),
(7, 'Mi uniforme de chef favorito', '2024-02-10', 0, 'IMAGEN'),
(7, 'Trucos para carnes jugosas', '2024-02-12', 1, 'TEXTO'),
(7, 'Foto: Mi plating de hoy', '2024-02-15', 0, 'IMAGEN'), -- Cambiado a IMAGEN

-- Creador 13
(13, 'Tutorial: Pintar cielos realistas', '2024-02-01', 1, 'VIDEO'),
(13, 'Mi opinión sobre el arte con IA', '2024-02-03', 1, 'TEXTO'),
(13, 'Sketch en servilleta de café', '2024-02-05', 1, 'IMAGEN'),
(13, 'Captura de mis pinceles favoritos', '2024-02-07', 0, 'IMAGEN'), -- Cambiado a IMAGEN
(13, 'Retrato de un extraño en la calle', '2024-02-09', 1, 'IMAGEN'),
(13, 'Speedpaint: Mi versión de Batman', '2024-02-11', 0, 'VIDEO'),
(13, 'Configuración de mi tableta Wacom', '2024-02-13', 1, 'TEXTO'),
(13, 'Pintura al óleo terminada', '2024-02-15', 0, 'IMAGEN'),

-- Creador 218
(218, 'Nuevas fotos en la piscina', '2024-02-01', 0, 'IMAGEN'),
(218, 'Galería: Lencería azul', '2024-02-02', 0, 'IMAGEN'), -- Cambiado a IMAGEN
(218, 'Mis deseos más profundos', '2024-02-04', 0, 'TEXTO'),
(218, 'Selfie sin maquillaje (Casual)', '2024-02-06', 1, 'IMAGEN'),
(218, 'Video: Charla íntima en la cama', '2024-02-08', 0, 'VIDEO'),
(218, 'Outfit transparente (Solo fans)', '2024-02-10', 0, 'IMAGEN'),
(218, '¿Qué harías si estuviéramos solos?', '2024-02-12', 0, 'TEXTO'),
(218, 'Video: Baile de viernes', '2024-02-14', 0, 'VIDEO'),
(218, 'Preview sesión de fotos marzo', '2024-02-16', 1, 'IMAGEN'),
(218, 'Foto: Lista para dormir', '2024-02-18', 1, 'IMAGEN'), -- Cambiado a IMAGEN

-- Creador 116
(116, 'Creatina: ¿Cuándo tomarla?', '2024-02-03', 1, 'TEXTO'),
(116, 'Foto: Mis suplementos actuales', '2024-02-05', 1, 'IMAGEN'),
(116, 'Foto: Estado de mi gimnasio', '2024-02-07', 0, 'IMAGEN'), -- Cambiado a IMAGEN
(116, 'Plan de comidas para volumen', '2024-02-09', 0, 'TEXTO'),
(116, 'Foto: Comida post-entreno', '2024-02-11', 1, 'IMAGEN'), -- Cambiado a IMAGEN
(116, 'Vlog: Mi día de trampa (Cheat meal)', '2024-02-13', 1, 'VIDEO'),
(116, 'Abdominales de acero en 8 min', '2024-02-15', 1, 'VIDEO'),
(116, 'Mi transformación de 1 año', '2024-02-17', 1, 'IMAGEN'),

-- Creador 144
(144, 'Cómo pasar una entrevista técnica', '2024-02-01', 1, 'TEXTO'),
(144, 'Captura: Mi terminal de Linux', '2024-02-04', 1, 'IMAGEN'), -- Cambiado a IMAGEN
(144, 'Mi teclado mecánico personalizado', '2024-02-06', 1, 'IMAGEN'),
(144, 'Arquitectura de microservicios', '2024-02-08', 0, 'TEXTO'),
(144, 'Esquema de base de datos SQL', '2024-02-10', 0, 'IMAGEN'), -- Cambiado a IMAGEN
(144, 'Foto: Mi oficina nómada', '2024-02-12', 1, 'IMAGEN'),
(144, 'Por qué dejé mi trabajo en Big Tech', '2024-02-15', 1, 'TEXTO'),
(144, 'Meme de programador del día', '2024-02-18', 0, 'IMAGEN'), -- Cambiado a IMAGEN

-- Creador 250
(250, 'Sesión bajo la lluvia', '2024-02-02', 0, 'IMAGEN'),
(250, 'Foto: Detalles de mi piel', '2024-02-05', 0, 'IMAGEN'), -- Cambiado a IMAGEN
(250, 'Hablemos de tus fetiches', '2024-02-07', 0, 'TEXTO'),
(250, 'Foto: Despertando contigo', '2024-02-09', 0, 'IMAGEN'),
(250, 'Captura: Mensaje privado favorito', '2024-02-12', 0, 'IMAGEN'), -- Cambiado a IMAGEN
(250, 'Confesión de domingo', '2024-02-14', 1, 'TEXTO'),
(250, 'Mis curvas favoritas', '2024-02-16', 0, 'IMAGEN'),
(250, 'Foto: Espejo de mi cuarto', '2024-02-18', 0, 'IMAGEN'), -- Cambiado a IMAGEN

-- Creadores Variados (Corrección de Balance)
(22, 'Foto: Mis perros jugando', '2024-02-05', 1, 'IMAGEN'), -- Cambiado a IMAGEN
(22, 'Review: Mejores marcas de croquetas', '2024-02-10', 1, 'TEXTO'),
(22, 'Foto: Mis gatos durmiendo', '2024-02-15', 1, 'IMAGEN'),
(33, 'Foto: Paisaje de Mérida', '2024-02-02', 1, 'IMAGEN'), -- Cambiado a IMAGEN
(33, 'Qué llevar en un botiquín de viaje', '2024-02-08', 0, 'TEXTO'),
(33, 'Foto: Equipaje listo', '2024-02-14', 1, 'IMAGEN'), -- Cambiado a IMAGEN
(45, 'Foto: Paleta de colores Euphoria', '2024-02-05', 1, 'IMAGEN'), -- Cambiado a IMAGEN
(45, 'Mi rutina de pelo rizado', '2024-02-12', 0, 'TEXTO'),
(45, 'Outfit para San Valentín', '2024-02-14', 1, 'IMAGEN'),
(54, 'Captura: Mis stats en LoL', '2024-02-03', 1, 'IMAGEN'), -- Cambiado a IMAGEN
(54, 'Cómo mejorar el ping en Venezuela', '2024-02-09', 1, 'TEXTO'),
(54, 'Setup de mi compañero de equipo', '2024-02-16', 0, 'IMAGEN'),
(68, 'Foto: Poster nuevo de JJK', '2024-02-04', 1, 'IMAGEN'), -- Cambiado a IMAGEN
(68, 'Top 10 muertes tristes del anime', '2024-02-11', 0, 'TEXTO'),
(68, 'Foto: Nueva figura de Gojo', '2024-02-17', 1, 'IMAGEN'),
(73, 'Foto: Servidor encendido', '2024-02-05', 1, 'IMAGEN'), -- Cambiado a IMAGEN
(73, 'SSD vs NVMe: ¿Hay diferencia?', '2024-02-12', 1, 'TEXTO'),
(73, 'Foto: Gestión de cables perfecta', '2024-02-18', 0, 'IMAGEN'),
(82, 'Gráfico: Inversión en ETFs', '2024-02-03', 1, 'IMAGEN'), -- Cambiado a IMAGEN
(82, 'Análisis del S&P 500 hoy', '2024-02-10', 0, 'TEXTO'),
(82, 'Gráfico: Inflación vs Ahorro', '2024-02-15', 1, 'IMAGEN'),
(95, 'Foto: Rutina de día', '2024-02-06', 1, 'IMAGEN'), -- Cambiado a IMAGEN
(95, 'Guía de sueros con Vitamina C', '2024-02-13', 1, 'TEXTO'),
(95, 'Antes/Después: Tratamiento láser', '2024-02-19', 0, 'IMAGEN'),
(104, 'Captura: Momento de susto en SH2', '2024-02-04', 1, 'IMAGEN'), -- Cambiado a IMAGEN
(104, 'Historias de fantasmas reales', '2024-02-11', 0, 'TEXTO'),
(104, 'Foto: Mi colección de terror', '2024-02-18', 1, 'IMAGEN'),
(129, 'Foto: Interior de la van', '2024-02-05', 1, 'IMAGEN'), -- Cambiado a IMAGEN
(129, 'Cómo lavar ropa viajando', '2024-02-12', 1, 'TEXTO'),
(129, 'Foto: Amanecer en el desierto', '2024-02-19', 0, 'IMAGEN'),
(157, 'Foto: Torta lista para entregar', '2024-02-03', 1, 'IMAGEN'), -- Cambiado a IMAGEN
(157, 'Cómo usar la manga pastelera', '2024-02-10', 0, 'TEXTO'),
(157, 'Foto: Pedido de 50 galletas', '2024-02-17', 1, 'IMAGEN'),
(168, 'Foto: Resultado de la votación', '2024-02-06', 1, 'IMAGEN'), -- Cambiado a IMAGEN
(168, 'Mangas que necesitan anime ya', '2024-02-13', 1, 'TEXTO'),
(168, 'Foto: Mi estante de mangas', '2024-02-20', 0, 'IMAGEN'),
(182, 'Foto: Luces de la ciudad', '2024-02-04', 1, 'IMAGEN'), -- Cambiado a IMAGEN
(182, 'Secretos del revelado RAW', '2024-02-11', 0, 'TEXTO'),
(182, 'Foto: Retrato con luz natural', '2024-02-18', 1, 'IMAGEN'),
(194, 'Concept Art: Fondo del nivel 1', '2024-02-07', 1, 'IMAGEN'), -- Cambiado a IMAGEN
(194, 'Cómo hacer un menú funcional', '2024-02-14', 1, 'TEXTO'),
(194, 'Concept Art: El villano', '2024-02-21', 0, 'IMAGEN'),
(205, 'Foto: Pizarrón con fórmulas', '2024-02-02', 1, 'IMAGEN'), -- Cambiado a IMAGEN
(205, 'Ejercicios de examen resueltos', '2024-02-09', 0, 'TEXTO'),
(205, 'Truco para calcular rápido', '2024-02-16', 1, 'IMAGEN'),

(229, 'Foto: Flexionando bíceps', '2024-02-05', 0, 'IMAGEN'), -- Cambiado a IMAGEN
(229, 'Foto: Músculos en tensión', '2024-02-12', 0, 'IMAGEN'),
(229, 'Qué busco en una pareja', '2024-02-18', 0, 'TEXTO'),
(233, 'Foto: Outfit del día', '2024-02-06', 0, 'IMAGEN'), -- Cambiado a IMAGEN
(233, 'Fotos exclusivas del balcón', '2024-02-13', 0, 'IMAGEN'),
(233, 'Anécdota prohibida en el trabajo', '2024-02-20', 0, 'TEXTO'),
(244, 'Foto: Mi teclado de noche', '2024-02-07', 0, 'IMAGEN'), -- Cambiado a IMAGEN
(244, 'Foto: Mi lado más oscuro', '2024-02-14', 0, 'IMAGEN'),
(244, 'Chat nocturno: Pregúntame algo', '2024-02-21', 0, 'TEXTO');

PRINT 'Insertando Bloque Completo de 200 Publicaciones (401 - 600)...';

INSERT INTO Publicacion (idCreador, titulo, fecha_publicacion, es_publica, tipo_contenido) VALUES
(4, 'Colaboración: Jugando con ZenDev', '2024-03-01', 1, 'VIDEO'),
(4, 'Mi opinión sobre el nuevo GTA', '2024-03-02', 1, 'TEXTO'),
(4, 'Foto: Mi habitación gamer', '2024-03-03', 1, 'IMAGEN'),
(4, 'Speedrun: RE4 Remake', '2024-03-04', 0, 'VIDEO'),
(4, 'Guía para el platino', '2024-03-05', 0, 'TEXTO'),
(4, 'Dibujo de fan destacado', '2024-03-06', 1, 'IMAGEN'),
(4, 'Vlog: Comprando juegos retro', '2024-03-07', 1, 'VIDEO'),
(4, 'Hardware: ¿Vale la pena el 4K?', '2024-03-08', 1, 'TEXTO'),
(7, 'Sushi en casa paso a paso', '2024-03-01', 1, 'VIDEO'),
(7, 'Diferencias entre harinas', '2024-03-02', 1, 'TEXTO'),
(7, 'Mi set de cuchillos nuevos', '2024-03-03', 1, 'IMAGEN'),
(7, 'Receta: Risotto de setas', '2024-03-04', 0, 'TEXTO'),
(7, 'Video: Mi postre fallido', '2024-03-05', 1, 'VIDEO'),
(7, 'Platillo ganador del mes', '2024-03-06', 0, 'IMAGEN'),
(7, 'Tips para salsas base', '2024-03-07', 1, 'TEXTO'),
(7, 'Vlog: Mercado de pescado', '2024-03-08', 0, 'VIDEO'),
(13, 'Retrato al óleo: Paso a paso', '2024-03-01', 1, 'VIDEO'),
(13, 'Cómo vender arte online', '2024-03-02', 0, 'TEXTO'),
(13, 'Bocetos de anatomy', '2024-03-03', 1, 'IMAGEN'),
(13, 'Critica de arte de subs', '2024-03-04', 1, 'VIDEO'),
(13, 'Mi pincel favorito', '2024-03-05', 0, 'IMAGEN'),
(13, 'Teoría de sombras', '2024-03-06', 1, 'TEXTO'),
(13, 'Vlog: Galería en Madrid', '2024-03-07', 0, 'VIDEO'),
(13, 'Ilustración final: Dragón', '2024-03-08', 1, 'IMAGEN'),
(22, 'Primeros auxilios perros', '2024-03-01', 1, 'VIDEO'),
(22, 'Review: Correas seguras', '2024-03-02', 1, 'TEXTO'),
(22, 'Foto: Mis perros durmiendo', '2024-03-03', 1, 'IMAGEN'),
(22, 'Comida casera sana', '2024-03-04', 0, 'TEXTO'),
(22, 'Ansiedad por separación', '2024-03-05', 1, 'VIDEO'),
(22, 'Foto: Adoptado del mes', '2024-03-06', 0, 'IMAGEN'),
(22, 'Limpieza de oídos tips', '2024-03-07', 1, 'TEXTO'),
(22, 'Vlog: Visita al veterinario', '2024-03-08', 0, 'VIDEO'),
(33, 'Vlog: 24h en un tren', '2024-03-01', 1, 'VIDEO'),
(33, 'Evita estafas viajando', '2024-03-02', 0, 'TEXTO'),
(33, 'Atardecer en la playa', '2024-03-03', 1, 'IMAGEN'),
(33, 'Vuelos low cost hacks', '2024-03-04', 1, 'TEXTO'),
(33, 'Vlog: Comida callejera India', '2024-03-05', 1, 'VIDEO'),
(33, 'Foto: Mi pasaporte lleno', '2024-03-06', 0, 'IMAGEN'),
(33, 'Maleta de 7kg trucos', '2024-03-07', 1, 'TEXTO'),
(33, 'Documental: Selva Amazónica', '2024-03-08', 0, 'VIDEO'),
(45, 'Haul ropa segunda mano', '2024-03-01', 1, 'VIDEO'),
(45, 'Favoritos Amazon Fashion', '2024-03-02', 1, 'IMAGEN'),
(45, 'Outfit para cita', '2024-03-03', 1, 'IMAGEN'),
(45, 'Cómo combinar el rojo', '2024-03-04', 0, 'TEXTO'),
(45, 'Tutorial: Cabello ondulado', '2024-03-05', 1, 'VIDEO'),
(45, 'Foto: Closet tour', '2024-03-06', 0, 'IMAGEN'),
(45, 'Tendencias Primavera 2024', '2024-03-07', 1, 'TEXTO'),
(45, 'Vlog: Fashion Week Bogotá', '2024-03-08', 0, 'VIDEO'),
(54, 'Estrategias Pro LoL', '2024-03-01', 1, 'VIDEO'),
(54, 'Review: Mouse $20', '2024-03-02', 1, 'TEXTO'),
(54, 'Setup finalizado neón', '2024-03-03', 1, 'IMAGEN'),
(54, 'Cómo subir de rango', '2024-03-04', 0, 'TEXTO'),
(54, 'Gameplay con el equipo', '2024-03-05', 1, 'VIDEO'),
(54, 'Foto: Trofeo local', '2024-03-06', 0, 'IMAGEN'),
(54, 'Mejor build del parche', '2024-03-07', 1, 'TEXTO'),
(54, 'Stream de 12 horas clip', '2024-03-08', 0, 'VIDEO'),
(68, '¿Anime corto es mejor?', '2024-03-01', 1, 'VIDEO'),
(68, 'Top mangas romance', '2024-03-02', 0, 'TEXTO'),
(68, 'Mi estante de figuras 2', '2024-03-03', 1, 'IMAGEN'),
(68, 'Review: Solo Leveling', '2024-03-04', 1, 'TEXTO'),
(68, 'Unboxing: Katana decorativa', '2024-03-05', 1, 'VIDEO'),
(68, 'Foto: Dibujo original', '2024-03-06', 0, 'IMAGEN'),
(68, 'Predicciones temporada', '2024-03-07', 1, 'TEXTO'),
(68, 'Vlog: Evento cosplay', '2024-03-08', 0, 'VIDEO'),
(73, 'Refrigeración líquida guía', '2024-03-01', 1, 'VIDEO'),
(73, 'PC terminada luces', '2024-03-02', 1, 'IMAGEN'),
(73, 'Overclocking para novatos', '2024-03-03', 0, 'TEXTO'),
(73, 'Benchmarking GPU nueva', '2024-03-04', 1, 'VIDEO'),
(73, 'Monitor 144hz vs 240hz', '2024-03-05', 1, 'TEXTO'),
(73, 'Foto: Mi servidor casero', '2024-03-06', 0, 'IMAGEN'),
(73, 'Pasta térmica: Cómo aplicar', '2024-03-07', 1, 'TEXTO'),
(73, 'Video: Rescatando laptop', '2024-03-08', 0, 'VIDEO'),
(82, 'Invertir en Oro 2024', '2024-03-01', 1, 'VIDEO'),
(82, 'Guía salir de deudas', '2024-03-02', 0, 'TEXTO'),
(82, 'Gráfico: Petróleo hoy', '2024-03-03', 1, 'IMAGEN'),
(82, 'Cómo comprar acciones USA', '2024-03-04', 1, 'TEXTO'),
(82, 'Video: Mi portafolio real', '2024-03-05', 0, 'VIDEO'),
(82, 'Infografía: Interés', '2024-03-06', 1, 'IMAGEN'),
(82, 'Plan retiro 30 años', '2024-03-07', 1, 'TEXTO'),
(82, 'Masterclass: Trading', '2024-03-08', 0, 'VIDEO'),
(95, 'Tratamiento ojeras', '2024-03-01', 1, 'VIDEO'),
(95, 'Foto: Piel sin filtro', '2024-03-02', 1, 'IMAGEN'),
(95, 'Rutina mañana económica', '2024-03-03', 1, 'TEXTO'),
(95, 'Doble limpieza guía', '2024-03-04', 0, 'TEXTO'),
(95, 'Video: Masaje facial', '2024-03-05', 1, 'VIDEO'),
(95, 'Foto: Mi tocador', '2024-03-06', 0, 'IMAGEN'),
(95, 'Retinol: Lo que debes saber', '2024-03-07', 1, 'TEXTO'),
(95, 'Vlog: Mi día en el spa', '2024-03-08', 0, 'VIDEO'),
(104, 'Directo: Outlast 2', '2024-03-01', 1, 'VIDEO'),
(104, 'Misterios Deep Web', '2024-03-02', 0, 'TEXTO'),
(104, 'Colección de terror', '2024-03-03', 1, 'IMAGEN'),
(104, 'Exploración urbana casa', '2024-03-04', 1, 'VIDEO'),
(104, 'Creepypastas reales', '2024-03-05', 1, 'TEXTO'),
(104, 'Foto: Mi cara de susto', '2024-03-06', 0, 'IMAGEN'),
(104, 'Top juegos de miedo gratis', '2024-03-07', 1, 'TEXTO'),
(104, 'Video: Ouija (No salió mal)', '2024-03-08', 0, 'VIDEO'),
(116, 'Reto 100 flexiones', '2024-03-01', 1, 'VIDEO'),
(116, 'Análisis pre-entrenos', '2024-03-02', 1, 'TEXTO'),
(116, 'Vena del brazo foto', '2024-03-03', 1, 'IMAGEN'),
(116, 'Quemar grasa rápido', '2024-03-04', 0, 'VIDEO'),
(116, 'Dieta 2000 cal barata', '2024-03-05', 0, 'TEXTO'),
(116, 'Dormir para crecer', '2024-03-06', 1, 'TEXTO'),
(116, 'Vlog: Supermercado fit', '2024-03-07', 1, 'VIDEO'),
(116, 'Foto: Abdominales marzo', '2024-03-08', 1, 'IMAGEN'),
(129, 'Vlog: Acampando nieve', '2024-03-01', 1, 'VIDEO'),
(129, 'Fogata nocturna foto', '2024-03-02', 1, 'IMAGEN'),
(129, 'Equipo montaña básico', '2024-03-03', 1, 'TEXTO'),
(129, 'Vivir en el bosque tips', '2024-03-04', 0, 'TEXTO'),
(129, 'Video: Pescando comida', '2024-03-05', 1, 'VIDEO'),
(129, 'Foto: Paisaje desde carpa', '2024-03-06', 0, 'IMAGEN'),
(129, 'Primeros auxilios viaje', '2024-03-07', 1, 'TEXTO'),
(129, 'Vlog: Caminando 20km', '2024-03-08', 0, 'VIDEO'),
(144, 'React vs Vue 2024', '2024-03-01', 1, 'VIDEO'),
(144, 'Lógica para niños', '2024-03-02', 1, 'TEXTO'),
(144, 'Ciclo de vida DB foto', '2024-03-03', 0, 'IMAGEN'),
(144, 'Estrés del deploy tips', '2024-03-04', 1, 'TEXTO'),
(144, 'Video: Refactoring code', '2024-03-05', 0, 'VIDEO'),
(144, 'Setup en la playa foto', '2024-03-06', 1, 'IMAGEN'),
(144, 'Por qué Linux es mejor', '2024-03-07', 1, 'TEXTO'),
(144, 'Video: Mi servidor NAS', '2024-03-08', 0, 'VIDEO'),
(157, 'Alfajores de Maicena', '2024-03-01', 1, 'VIDEO'),
(157, 'Merengue suizo secreto', '2024-03-02', 0, 'TEXTO'),
(157, 'Tarta de fresas foto', '2024-03-03', 1, 'IMAGEN'),
(157, 'Decoración con chocolate', '2024-03-04', 1, 'VIDEO'),
(157, 'Costos de una torta', '2024-03-05', 1, 'TEXTO'),
(157, 'Foto: Mi horno nuevo', '2024-03-06', 0, 'IMAGEN'),
(157, 'Harina leudante vs común', '2024-03-07', 1, 'TEXTO'),
(157, 'Vlog: Compras de pastelería', '2024-03-08', 0, 'VIDEO'),
(168, 'Convención Anime 2024', '2024-03-01', 1, 'VIDEO'),
(168, 'Opinión sobre Boruto', '2024-03-02', 1, 'TEXTO'),
(168, 'Foto: Mi cosplay nuevo', '2024-03-03', 1, 'IMAGEN'),
(168, 'Análisis: Hunter x Hunter', '2024-03-04', 0, 'TEXTO'),
(168, 'Video: Mi reacción final', '2024-03-05', 1, 'VIDEO'),
(168, 'Foto: Mi estante limpio', '2024-03-06', 0, 'IMAGEN'),
(168, 'Mangas gore recomendados', '2024-03-07', 1, 'TEXTO'),
(168, 'Vlog: Comiendo Ramen', '2024-03-08', 0, 'VIDEO'),
(182, 'Fotografía producto', '2024-03-01', 1, 'VIDEO'),
(182, 'Macro de abeja foto', '2024-03-02', 0, 'IMAGEN'),
(182, 'Lentes para retratos', '2024-03-03', 1, 'TEXTO'),
(182, 'Edición en el móvil', '2024-03-04', 1, 'VIDEO'),
(182, 'Cómo usar el histograma', '2024-03-05', 1, 'TEXTO'),
(182, 'Foto: Ciudad de noche', '2024-03-06', 0, 'IMAGEN'),
(182, 'Presets gratis marzo', '2024-03-07', 1, 'TEXTO'),
(182, 'Video: Sesión en el bosque', '2024-03-08', 0, 'VIDEO'),
(194, 'Devlog #3 Inventario', '2024-03-01', 1, 'VIDEO'),
(194, 'Diseño niveles novatos', '2024-03-02', 1, 'TEXTO'),
(194, 'Concept Art Villano', '2024-03-03', 0, 'IMAGEN'),
(194, 'Shaders en Unity guía', '2024-03-04', 1, 'VIDEO'),
(194, 'Marketing para indies', '2024-03-05', 1, 'TEXTO'),
(194, 'Foto: Bug divertido', '2024-03-06', 0, 'IMAGEN'),
(194, 'C# avanzado para juegos', '2024-03-07', 1, 'TEXTO'),
(194, 'Vlog: Mi oficina setup', '2024-03-08', 0, 'VIDEO'),
(205, 'Derivadas implícitas', '2024-03-01', 1, 'VIDEO'),
(205, 'Tabla derivadas foto', '2024-03-02', 0, 'IMAGEN'),
(205, 'Cómo no reprobar mate', '2024-03-03', 1, 'TEXTO'),
(205, 'Integrales por partes', '2024-03-04', 1, 'VIDEO'),
(205, 'Truco multiplicación 3 cifras', '2024-03-05', 1, 'TEXTO'),
(205, 'Foto: Mi diploma UCV', '2024-03-06', 0, 'IMAGEN'),
(205, 'Ecuaciones diferenciales intro', '2024-03-07', 1, 'TEXTO'),
(205, 'Vlog: Un día en ingeniería', '2024-03-08', 0, 'VIDEO'),
(218, 'Maestra por un día foto', '2024-03-01', 0, 'IMAGEN'),
(218, 'Video: Probando disfraces', '2024-03-02', 0, 'VIDEO'),
(218, 'Qué busco en un hombre', '2024-03-03', 0, 'TEXTO'),
(218, 'Selfie post-gym', '2024-03-04', 1, 'IMAGEN'),
(218, 'Video: Bailando lluvia', '2024-03-05', 0, 'VIDEO'),
(218, 'Transparencias negras foto', '2024-03-06', 0, 'IMAGEN'),
(218, 'Susurros para ti audio', '2024-03-07', 0, 'VIDEO'),
(218, 'Fetiches confesados', '2024-03-08', 0, 'TEXTO'),
(218, 'Preview playa', '2024-03-09', 1, 'IMAGEN'),
(218, 'Video: Bañera relax', '2024-03-10', 0, 'VIDEO'),
(229, 'Vesting room photo', '2024-03-01', 0, 'IMAGEN'),
(229, 'Video: Aceite cuerpo', '2024-03-02', 0, 'VIDEO'),
(229, 'Dieta para marcar', '2024-03-03', 1, 'TEXTO'),
(229, 'Ducha post entreno video', '2024-03-04', 0, 'VIDEO'),
(229, 'Foto: Sin nada', '2024-03-05', 0, 'IMAGEN'),
(229, 'Mis medidas reales', '2024-03-06', 0, 'TEXTO'),
(229, 'Video: Flexiones 1 mano', '2024-03-07', 0, 'VIDEO'),
(229, 'Foto: Close up espalda', '2024-03-08', 0, 'IMAGEN'),
(233, 'Uniforme favorito foto', '2024-03-01', 0, 'IMAGEN'),
(233, 'Poder y deseo texto', '2024-03-02', 0, 'TEXTO'),
(233, 'Video: Hablando claro', '2024-03-03', 0, 'VIDEO'),
(233, 'Foto: Medias de red', '2024-03-04', 0, 'IMAGEN'),
(233, 'Relaciones prohibidas', '2024-03-05', 0, 'TEXTO'),
(233, 'Video: Mi cuarto', '2024-03-06', 0, 'VIDEO'),
(233, 'Cena para dos foto', '2024-03-07', 1, 'IMAGEN'),
(233, 'Video: En el auto', '2024-03-08', 0, 'VIDEO'),
(244, 'Hacking nocturno video', '2024-03-01', 0, 'VIDEO'),
(244, 'Setup oscuro foto', '2024-03-02', 0, 'IMAGEN'),
(244, 'Charla sin censura', '2024-03-03', 0, 'TEXTO'),
(244, 'Webcam live clip', '2024-03-04', 0, 'VIDEO'),
(244, 'Código secreto foto', '2024-03-05', 0, 'IMAGEN'),
(244, 'Cómo burlar la seguridad', '2024-03-06', 0, 'TEXTO'),
(244, 'Video: Pantallas neón', '2024-03-07', 0, 'VIDEO'),
(244, 'Foto: Mi máscara', '2024-03-08', 1, 'IMAGEN'),
(250, 'Ducha caliente video', '2024-03-01', 0, 'VIDEO'),
(250, 'Nuevas medias foto', '2024-03-02', 0, 'IMAGEN'),
(250, 'Hablemos de tríos', '2024-03-03', 0, 'TEXTO'),
(250, 'Ángulo prohibido foto', '2024-03-04', 0, 'IMAGEN'),
(250, 'Movimientos lentos video', '2024-03-05', 0, 'VIDEO'),
(250, 'Confesión íntima', '2024-03-06', 0, 'TEXTO'),
(250, 'Foto: Al natural', '2024-03-07', 0, 'IMAGEN'),
(250, 'Video: Jugando un poco', '2024-03-08', 0, 'VIDEO'),
(4, 'Mi juego favorito de infancia', '2024-03-20', 1, 'TEXTO'),
(7, 'Receta: Tequeños venezolanos', '2024-03-21', 1, 'VIDEO'),
(13, 'Dibujando con la mano izquierda', '2024-03-22', 1, 'VIDEO'),
(116, 'Por qué no creces: Errores', '2024-03-23', 1, 'TEXTO'),
(144, 'Mi historia como programador', '2024-03-24', 1, 'VIDEO'),
(218, 'Video: Saludando a mis fans', '2024-03-25', 1, 'VIDEO'),
(33, 'Vlog: Mi peor viaje', '2024-03-26', 1, 'VIDEO'),
(250, 'Foto: Despidiendo marzo', '2024-03-27', 1, 'IMAGEN');


INSERT INTO Publicacion (idCreador, titulo, fecha_publicacion, es_publica, tipo_contenido) VALUES
(4, 'Reto: Ganar usando solo una mano', '2024-04-01', 1, 'VIDEO'),
(4, 'Por qué los juegos de ahora pesan tanto', '2024-04-02', 1, 'TEXTO'),
(4, 'Foto: Mi colección de figuras Amiibo', '2024-04-03', 1, 'IMAGEN'),
(4, 'Speedrun: Cuphead nivel experto', '2024-04-04', 0, 'VIDEO'),
(4, 'Análisis de la nueva consola portátil', '2024-04-05', 0, 'TEXTO'),
(4, 'Vlog: Mi primera vez en una arcade', '2024-04-06', 1, 'VIDEO'),
(4, 'Tutorial: Como limpiar tus mandos', '2024-04-07', 1, 'TEXTO'),
(4, 'Foto: Mi setup nocturno con LEDs', '2024-04-08', 1, 'IMAGEN'),
(7, 'Pasticho venezolano tradicional', '2024-04-01', 1, 'VIDEO'),
(7, 'El secreto para un sofrito perfecto', '2024-04-02', 1, 'TEXTO'),
(7, 'Foto: Mi huerto de hierbas frescas', '2024-04-03', 1, 'IMAGEN'),
(7, 'Receta: Tarta de limón merengada', '2024-04-04', 0, 'TEXTO'),
(7, 'Video: Probando comida callejera', '2024-04-05', 1, 'VIDEO'),
(7, 'Platillo: Salmón en costra de pistacho', '2024-04-06', 0, 'IMAGEN'),
(7, 'Tips para organizar un banquete', '2024-04-07', 1, 'TEXTO'),
(7, 'Vlog: Visitando una quesería local', '2024-04-08', 0, 'VIDEO'),
(13, 'Acuarela: Paisaje de montaña', '2024-04-01', 1, 'VIDEO'),
(13, '¿Es mejor el papel o la tablet?', '2024-04-02', 0, 'TEXTO'),
(13, 'Bocetos de expresiones faciales', '2024-04-03', 1, 'IMAGEN'),
(13, 'Cómo mezclar colores sin ensuciar', '2024-04-04', 1, 'VIDEO'),
(13, 'Foto: Mis pinceles desgastados', '2024-04-05', 0, 'IMAGEN'),
(13, 'Historia del arte en 5 minutos', '2024-04-06', 1, 'TEXTO'),
(13, 'Vlog: Pintando un mural urbano', '2024-04-07', 0, 'VIDEO'),
(13, 'Ilustración: Mi mascota estilo anime', '2024-04-08', 1, 'IMAGEN'),
(22, 'Cómo presentar dos perros nuevos', '2024-04-01', 1, 'VIDEO'),
(22, 'Review: Las mejores camas ortopédicas', '2024-04-02', 1, 'TEXTO'),
(22, 'Foto: Golden Retriever sonriendo', '2024-04-03', 1, 'IMAGEN'),
(22, 'Plantas tóxicas para gatos', '2024-04-04', 0, 'TEXTO'),
(22, 'Video: Entrenamiento de obediencia', '2024-04-05', 1, 'VIDEO'),
(22, 'Foto: Cachorros recién nacidos', '2024-04-06', 0, 'IMAGEN'),
(22, '¿Por qué mi perro come hierba?', '2024-04-07', 1, 'TEXTO'),
(22, 'Vlog: Un día trabajando en el refugio', '2024-04-08', 0, 'VIDEO'),
(33, 'Vlog: Sobreviviendo con 5 dólares', '2024-04-01', 1, 'VIDEO'),
(33, 'Los mejores hostales de Europa', '2024-04-02', 0, 'TEXTO'),
(33, 'Foto: Amanecer en el Gran Cañón', '2024-04-03', 1, 'IMAGEN'),
(33, 'Hacks para dormir en aviones', '2024-04-04', 1, 'TEXTO'),
(33, 'Vlog: Explorando Kioto de noche', '2024-04-05', 1, 'VIDEO'),
(33, 'Foto: Mi mapa con chinchetas', '2024-04-06', 0, 'IMAGEN'),
(33, 'Presupuesto para viajar a Japón', '2024-04-07', 1, 'TEXTO'),
(33, 'Documental: Los glaciares desaparecen', '2024-04-08', 0, 'VIDEO'),
(45, 'Get Ready With Me: Boda elegante', '2024-04-01', 1, 'VIDEO'),
(45, 'Mis zapatos básicos favoritos', '2024-04-02', 1, 'IMAGEN'),
(45, 'Foto: Maquillaje de noche intenso', '2024-04-03', 1, 'IMAGEN'),
(45, 'Cómo organizar tu maquillaje', '2024-04-04', 0, 'TEXTO'),
(45, 'Tutorial: Delineado gráfico', '2024-04-05', 1, 'VIDEO'),
(45, 'Foto: Haul de Zara acumulado', '2024-04-06', 0, 'IMAGEN'),
(45, 'Colores que serán tendencia en mayo', '2024-04-07', 1, 'TEXTO'),
(45, 'Vlog: Mi rutina de skincare coreano', '2024-04-08', 0, 'VIDEO'),
(54, 'Análisis de la nueva campeona', '2024-04-01', 1, 'VIDEO'),
(54, 'Review: Teclado óptico vs mecánico', '2024-04-02', 1, 'TEXTO'),
(54, 'Foto: Mi escritorio ordenado (Casi)', '2024-04-03', 1, 'IMAGEN'),
(54, 'Cómo controlar el tilt en partidas', '2024-04-04', 0, 'TEXTO'),
(54, 'Gameplay: Rankeds en Master', '2024-04-05', 1, 'VIDEO'),
(54, 'Foto: Mi pase de prensa al evento', '2024-04-06', 0, 'IMAGEN'),
(54, 'La mejor configuración de audio', '2024-04-07', 1, 'TEXTO'),
(54, 'Stream Highlights: Pentakill!', '2024-04-08', 0, 'VIDEO'),
(68, '¿Por qué Naruto sigue siendo top?', '2024-04-01', 1, 'VIDEO'),
(68, 'Resumen del manga: Kimetsu no Yaiba', '2024-04-02', 0, 'TEXTO'),
(68, 'Foto: Mi nueva figura de Chainsaw Man', '2024-04-03', 1, 'IMAGEN'),
(68, 'Review: Uzumaki de Junji Ito', '2024-04-04', 1, 'TEXTO'),
(68, 'Unboxing: Mystery Box de Japón', '2024-04-05', 1, 'VIDEO'),
(68, 'Foto: Mi colección de pines de anime', '2024-04-06', 0, 'IMAGEN'),
(68, 'Animes que me hicieron llorar', '2024-04-07', 1, 'TEXTO'),
(68, 'Vlog: Probando comida de anime real', '2024-04-08', 0, 'VIDEO'),
(73, 'Construyendo una PC miniatura', '2024-04-01', 1, 'VIDEO'),
(73, 'Foto: Comparación de tamaños de GPU', '2024-04-02', 1, 'IMAGEN'),
(73, 'Cómo limpiar tu monitor sin dañarlo', '2024-04-03', 0, 'TEXTO'),
(73, 'Test: Windows 11 para gaming', '2024-04-04', 1, 'VIDEO'),
(73, 'Diferencia entre RAM DDR4 y DDR5', '2024-04-05', 1, 'TEXTO'),
(73, 'Foto: Mi primer PC vs El actual', '2024-04-06', 0, 'IMAGEN'),
(73, '¿Es seguro comprar hardware usado?', '2024-04-07', 1, 'TEXTO'),
(73, 'Video: Reparando una fuente quemada', '2024-04-08', 0, 'VIDEO'),
(82, 'Cómo invertir en Real Estate con poco', '2024-04-01', 1, 'VIDEO'),
(82, 'Diferencia entre ahorro e inversión', '2024-04-02', 0, 'TEXTO'),
(82, 'Gráfico: Comportamiento del Bitcoin', '2024-04-03', 1, 'IMAGEN'),
(82, 'Cómo leer un balance general', '2024-04-04', 1, 'TEXTO'),
(82, 'Video: Mi opinión sobre el arbitraje', '2024-04-05', 0, 'VIDEO'),
(82, 'Infografía: Tipos de impuestos', '2024-04-06', 1, 'IMAGEN'),
(82, 'Reglas de oro para un inversor', '2024-04-07', 1, 'TEXTO'),
(82, 'Masterclass: Análisis técnico básico', '2024-04-08', 0, 'VIDEO'),
(95, 'Cómo combatir el acné hormonal', '2024-04-01', 1, 'VIDEO'),
(95, 'Foto: Resultados tras 3 meses de uso', '2024-04-02', 1, 'IMAGEN'),
(95, 'Mejores marcas low cost de farmacia', '2024-04-03', 1, 'TEXTO'),
(95, 'Piel seca vs deshidratada', '2024-04-04', 0, 'TEXTO'),
(95, 'Video: Tutorial de masaje linfático', '2024-04-05', 1, 'VIDEO'),
(95, 'Foto: Mi colección de mascarillas', '2024-04-06', 0, 'IMAGEN'),
(95, 'Protector solar: Mitos y realidades', '2024-04-07', 1, 'TEXTO'),
(95, 'Vlog: Mi cita con el dermatólogo', '2024-04-08', 0, 'VIDEO'),
(104, 'Directo: Silent Hill 3 (Noche de miedo)', '2024-04-01', 1, 'VIDEO'),
(104, 'El misterio de los backrooms', '2024-04-02', 0, 'TEXTO'),
(104, 'Foto: Mi estante de películas clásicas', '2024-04-03', 1, 'IMAGEN'),
(104, 'Exploración: Hospital abandonado #2', '2024-04-04', 1, 'VIDEO'),
(104, 'Historias de suscriptores: Paranormal', '2024-04-05', 1, 'TEXTO'),
(104, 'Foto: Captura de un supuesto fantasma', '2024-04-06', 0, 'IMAGEN'),
(104, 'Ranking de las peores secuelas de terror', '2024-04-07', 1, 'TEXTO'),
(104, 'Video: Invocaciones que no debí hacer', '2024-04-08', 0, 'VIDEO'),
(116, 'Cómo entrenar si tienes poco tiempo', '2024-04-01', 1, 'VIDEO'),
(116, 'Importancia de los estiramientos', '2024-04-02', 1, 'TEXTO'),
(116, 'Foto: Comida post-entreno deliciosa', '2024-04-03', 1, 'IMAGEN'),
(116, 'Video: Mi fallo muscular real', '2024-04-04', 0, 'VIDEO'),
(116, 'Suplementos innecesarios (Dinero tirado)', '2024-04-05', 0, 'TEXTO'),
(116, 'Cómo mantener la motivación alta', '2024-04-06', 1, 'TEXTO'),
(116, 'Vlog: Mi rutina de descanso activo', '2024-04-07', 1, 'VIDEO'),
(116, 'Foto: Estado físico actual (Abril)', '2024-04-08', 1, 'IMAGEN'),
(129, 'Vlog: Cruzando los Andes a caballo', '2024-04-01', 1, 'VIDEO'),
(129, 'Foto: Estrellas desde mi carpa', '2024-04-02', 1, 'IMAGEN'),
(129, 'Cómo filtrar agua en la naturaleza', '2024-04-03', 1, 'TEXTO'),
(129, 'Vivir sin internet por una semana', '2024-04-04', 0, 'TEXTO'),
(129, 'Video: Construyendo un refugio térmico', '2024-04-05', 1, 'VIDEO'),
(129, 'Foto: Cocinando en leña', '2024-04-06', 0, 'IMAGEN'),
(129, 'Qué hacer si te encuentras un oso', '2024-04-07', 1, 'TEXTO'),
(129, 'Vlog: El final de mi aventura en el sur', '2024-04-08', 0, 'VIDEO'),
(144, 'Inyección de dependencias explicada', '2024-04-01', 1, 'VIDEO'),
(144, '¿Valen la pena los bootcamps hoy?', '2024-04-02', 1, 'TEXTO'),
(144, 'Foto: Mi pizarra con el nuevo algoritmo', '2024-04-03', 0, 'IMAGEN'),
(144, 'Optimización de consultas SQL', '2024-04-04', 1, 'TEXTO'),
(144, 'Video: Automatizando tareas con Python', '2024-04-05', 0, 'VIDEO'),
(144, 'Foto: Mi colección de libros técnicos', '2024-04-06', 1, 'IMAGEN'),
(144, 'Git: Comandos que salvan vidas', '2024-04-07', 1, 'TEXTO'),
(144, 'Video: Creando un bot para Discord', '2024-04-08', 0, 'VIDEO'),
(157, 'Tarta de manzana rústica', '2024-04-01', 1, 'VIDEO'),
(157, 'Secretos del hojaldre perfecto', '2024-04-02', 0, 'TEXTO'),
(157, 'Foto: Mis macarons de colores', '2024-04-03', 1, 'IMAGEN'),
(157, 'Decoración con crema de mantequilla', '2024-04-04', 1, 'VIDEO'),
(157, 'Cómo sustituir el azúcar en recetas', '2024-04-05', 1, 'TEXTO'),
(157, 'Foto: Mesa de postres para boda', '2024-04-06', 0, 'IMAGEN'),
(157, 'Diferencias entre cacao y chocolate', '2024-04-07', 1, 'TEXTO'),
(157, 'Vlog: Horneando 100 donas en un día', '2024-04-08', 0, 'VIDEO'),
(168, '¿Qué pasó con Shingeki no Kyojin?', '2024-04-01', 1, 'VIDEO'),
(168, 'Reseña manga: Berserk', '2024-04-02', 1, 'TEXTO'),
(168, 'Foto: Mi cosplay de Luffy (Gear 5)', '2024-04-03', 1, 'IMAGEN'),
(168, 'Análisis del final de Evangelion', '2024-04-04', 0, 'TEXTO'),
(168, 'Video: Mi colección de cartas Pokémon', '2024-04-05', 1, 'VIDEO'),
(168, 'Foto: El mural de anime en mi cuarto', '2024-04-06', 0, 'IMAGEN'),
(168, 'Mangas de terror poco conocidos', '2024-04-07', 1, 'TEXTO'),
(168, 'Vlog: Viaje al museo de Ghibli', '2024-04-08', 0, 'VIDEO'),
(182, 'Fotografía de bodas: Mis consejos', '2024-04-01', 1, 'VIDEO'),
(182, 'Foto: Silueta al atardecer', '2024-04-02', 0, 'IMAGEN'),
(182, 'Cómo hacer un portfolio impactante', '2024-04-03', 1, 'TEXTO'),
(182, 'Edición: El estilo Cinematic Look', '2024-04-04', 1, 'VIDEO'),
(182, 'Fotografía analógica vs Digital', '2024-04-05', 1, 'TEXTO'),
(182, 'Foto: Arquitectura brutalista', '2024-04-06', 0, 'IMAGEN'),
(182, 'Ajustes de cámara para deportes', '2024-04-07', 1, 'TEXTO'),
(182, 'Video: Retoque de piel en Photoshop', '2024-04-08', 0, 'VIDEO'),
(194, 'Devlog #4: Implementando multijugador', '2024-04-01', 1, 'VIDEO'),
(194, 'Balanceando la dificultad del juego', '2024-04-02', 1, 'TEXTO'),
(194, 'Concept Art: El bosque encantado', '2024-04-03', 0, 'IMAGEN'),
(194, 'Shaders de agua en HDRP', '2024-04-04', 1, 'VIDEO'),
(194, 'Cómo crear un trailer que venda', '2024-04-05', 1, 'TEXTO'),
(194, 'Foto: Captura de pantalla del Nivel 3', '2024-04-06', 0, 'IMAGEN'),
(194, 'C++ para motores gráficos propios', '2024-04-07', 1, 'TEXTO'),
(194, 'Vlog: Mi rutina como Indie Dev', '2024-04-08', 0, 'VIDEO'),
(205, 'Sucesiones y series infinitas', '2024-04-01', 1, 'VIDEO'),
(205, 'Foto: Apuntes de física cuántica', '2024-04-02', 0, 'IMAGEN'),
(205, '¿Por qué las matemáticas son hermosas?', '2024-04-03', 1, 'TEXTO'),
(205, 'Límites notables y trucos', '2024-04-04', 1, 'VIDEO'),
(205, 'Geometría analítica desde cero', '2024-04-05', 1, 'TEXTO'),
(205, 'Foto: Mi calculadora de 1980', '2024-04-06', 0, 'IMAGEN'),
(205, 'Probabilidad en la vida diaria', '2024-04-07', 1, 'TEXTO'),
(205, 'Vlog: Resolviendo problemas de la NASA', '2024-04-08', 0, 'VIDEO'),
(218, 'Sesión: Gatita en el tejado', '2024-04-01', 0, 'IMAGEN'),
(218, 'Video: Desnudándome para ti', '2024-04-02', 0, 'VIDEO'),
(218, 'Lo que nadie sabe de mi pasado', '2024-04-03', 0, 'TEXTO'),
(218, 'Foto: Sin censura en el espejo', '2024-04-04', 0, 'IMAGEN'),
(218, 'Video: Juego de roles (Enfermera)', '2024-04-05', 0, 'VIDEO'),
(218, 'Mis lencerías más usadas', '2024-04-06', 1, 'IMAGEN'),
(218, 'Audio: Historia erótica corta', '2024-04-07', 0, 'VIDEO'),
(218, 'Preguntas muy picantes #2', '2024-04-08', 0, 'TEXTO'),
(229, 'Video: Cardio intenso (Solo)', '2024-04-01', 0, 'VIDEO'),
(229, 'Foto: Definición de abdominales', '2024-04-02', 0, 'IMAGEN'),
(229, 'Cómo durar más en el entrenamiento', '2024-04-03', 1, 'TEXTO'),
(229, 'Video: Dándome placer después del gym', '2024-04-04', 0, 'VIDEO'),
(229, 'Foto: Primer plano de mis piernas', '2024-04-05', 0, 'IMAGEN'),
(229, 'Cosas que me excitan de una mujer', '2024-04-06', 0, 'TEXTO'),
(229, 'Video: Baño de burbujas (POV)', '2024-04-07', 0, 'VIDEO'),
(229, 'Foto: Espalda mojada', '2024-04-08', 0, 'IMAGEN'),
(233, 'Foto: Poder y sumisión', '2024-04-01', 0, 'IMAGEN'),
(233, 'El arte de la seducción política', '2024-04-02', 0, 'TEXTO'),
(233, 'Video: Confesiones en el despacho', '2024-04-03', 0, 'VIDEO'),
(233, 'Foto: En el sofá de cuero', '2024-04-04', 0, 'IMAGEN'),
(233, 'Fantasías que quiero cumplir', '2024-04-05', 0, 'TEXTO'),
(233, 'Video: Susurros prohibidos', '2024-04-06', 0, 'VIDEO'),
(233, 'Foto: Tacones y lencería', '2024-04-07', 1, 'IMAGEN'),
(233, 'Video: Escena en la oficina nocturna', '2024-04-08', 0, 'VIDEO'),
(244, 'Video: Mi habitación secreta', '2024-04-01', 0, 'VIDEO'),
(244, 'Foto: Luces de neón en mi piel', '2024-04-02', 0, 'IMAGEN'),
(244, 'Manual del hacker solitario', '2024-04-03', 0, 'TEXTO'),
(244, 'Video: WebCam privada (Hot)', '2024-04-04', 0, 'VIDEO'),
(244, 'Foto: Mi cuerpo pixelado', '2024-04-05', 0, 'IMAGEN'),
(244, 'Secretos que he descubierto hackeando', '2024-04-06', 0, 'TEXTO'),
(244, 'Video: Bailando frente al monitor', '2024-04-07', 0, 'VIDEO'),
(244, 'Foto: Mi silueta tras el código', '2024-04-08', 0, 'IMAGEN'),
(250, 'Video: Mi lado más salvaje', '2024-04-01', 0, 'VIDEO'),
(250, 'Foto: Atrapada en la ducha', '2024-04-02', 0, 'IMAGEN'),
(250, 'Cómo me gusta que me toquen', '2024-04-03', 0, 'TEXTO'),
(250, 'Foto: Primer plano atrevido', '2024-04-04', 0, 'IMAGEN'),
(250, 'Video: Un regalo para mis fans', '2024-04-05', 0, 'VIDEO'),
(250, 'Anécdota de mi última cita', '2024-04-06', 0, 'TEXTO'),
(250, 'Foto: Recién levantada (Hot)', '2024-04-07', 0, 'IMAGEN'),
(250, 'Video: Jugando con juguetes nuevos', '2024-04-08', 0, 'VIDEO'),
(4, 'Review: ¿Es el final de los juegos físicos?', '2024-04-15', 1, 'TEXTO'),
(7, 'Postre: Quesillo venezolano infalible', '2024-04-16', 1, 'VIDEO'),
(13, 'Tutorial: Dibujar ojos realistas', '2024-04-17', 1, 'VIDEO'),
(116, 'Por qué el azúcar no es tu enemigo', '2024-04-18', 1, 'TEXTO'),
(144, 'Entendiendo la Inteligencia Artificial', '2024-04-19', 1, 'VIDEO'),
(218, 'Video: Despedida de abril (Sexy)', '2024-04-20', 0, 'VIDEO'),
(33, 'Vlog: Mi equipo de fotografía de viaje', '2024-04-21', 1, 'VIDEO'),
(250, 'Foto: Mi mejor ángulo', '2024-04-22', 0, 'IMAGEN');

PRINT 'Insertando las 72 publicaciones faltantes para completar las 800...';

INSERT INTO Publicacion (idCreador, titulo, fecha_publicacion, es_publica, tipo_contenido) VALUES
-- Creador 4 (Gaming)
(4, 'Review: ¿Valen la pena los DLCs?', '2024-04-23', 1, 'TEXTO'),
(4, 'Mi primera consola: Una historia', '2024-04-24', 1, 'VIDEO'),
(4, 'Foto: Mi colección de GameBoy', '2024-04-25', 1, 'IMAGEN'),
-- Creador 7 (Cocina)
(7, 'Cómo afilar cuchillos en casa', '2024-04-23', 1, 'VIDEO'),
(7, 'El mejor café del mundo: Guía', '2024-04-24', 1, 'TEXTO'),
(7, 'Foto: Cena romántica de 3 platos', '2024-04-25', 0, 'IMAGEN'),
-- Creador 13 (Arte)
(13, 'Dibujando con café (Experimento)', '2024-04-23', 1, 'VIDEO'),
(13, 'Por qué el arte es subjetivo', '2024-04-24', 1, 'TEXTO'),
(13, 'Foto: Mi rincón de inspiración', '2024-04-25', 1, 'IMAGEN'),
-- Creador 22 (Mascotas)
(22, 'Vlog: Día de peluquería canina', '2024-04-23', 1, 'VIDEO'),
(22, '¿Los gatos realmente nos aman?', '2024-04-24', 1, 'TEXTO'),
-- Creador 33 (Viajes)
(33, 'Foto: Mis botas de viaje rotas', '2024-04-23', 1, 'IMAGEN'),
(33, 'Presupuesto para viajar a Perú', '2024-04-24', 0, 'TEXTO'),
(33, 'Vlog: Cruzando la frontera a pie', '2024-04-25', 1, 'VIDEO'),
-- Creador 45 (Moda)
(45, 'Cómo vestir si eres bajita', '2024-04-23', 1, 'TEXTO'),
(45, 'Vlog: Mi rutina de noche real', '2024-04-24', 1, 'VIDEO'),
(45, 'Foto: Mi outfit de lluvia', '2024-04-25', 1, 'IMAGEN'),
-- Creador 54 (Gamer Pro)
(54, 'Cómo entrar a un equipo de eSports', '2024-04-23', 1, 'TEXTO'),
(54, 'Review: Silla gamer de gama alta', '2024-04-24', 1, 'VIDEO'),
-- Creador 68 (Anime)
(68, '¿Qué hace a un villano icónico?', '2024-04-23', 1, 'TEXTO'),
(68, 'Foto: Unboxing de manga japonés', '2024-04-24', 1, 'IMAGEN'),
(68, 'Video: Mi top 5 openings', '2024-04-25', 1, 'VIDEO'),
-- Creador 73 (PC)
(73, 'Por qué tu PC está lenta: Solución', '2024-04-23', 1, 'TEXTO'),
(73, 'Video: Armado PC en 1 minuto', '2024-04-24', 1, 'VIDEO'),
-- Creador 82 (Finanzas)
(82, 'Invertir en tiempos de crisis', '2024-04-23', 1, 'TEXTO'),
(82, 'Video: El interés compuesto', '2024-04-24', 1, 'VIDEO'),
(82, 'Foto: Mi primer cheque de dividendos', '2024-04-25', 0, 'IMAGEN'),
-- Creador 95 (Skincare)
(95, 'Protector solar para invierno', '2024-04-23', 1, 'TEXTO'),
(95, 'Video: Masaje facial para arrugas', '2024-04-24', 1, 'VIDEO'),
-- Creador 104 (Terror)
(104, 'Foto: El lugar más aterrador que vi', '2024-04-23', 1, 'IMAGEN'),
(104, 'Podcast: La dama de blanco', '2024-04-24', 1, 'VIDEO'),
-- Creador 116 (Fitness)
(116, '¿La avena engorda? La verdad', '2024-04-23', 1, 'TEXTO'),
(116, 'Video: Mi técnica de sentadilla', '2024-04-24', 1, 'VIDEO'),
(116, 'Foto: Compras fitness de la semana', '2024-04-25', 1, 'IMAGEN'),
-- Creador 129 (Aventura)
(129, 'Vlog: Mi equipo de camping pro', '2024-04-23', 1, 'VIDEO'),
(129, 'Foto: Mapa de rutas 2024', '2024-04-24', 1, 'IMAGEN'),
-- Creador 144 (Dev)
(144, '¿Sigue valiendo la pena C++?', '2024-04-23', 1, 'TEXTO'),
(144, 'Vlog: Mi primer día en Google', '2024-04-24', 1, 'VIDEO'),
(144, 'Foto: Mi café y mi código', '2024-04-25', 1, 'IMAGEN'),
-- Creador 157 (Pastelería)
(157, 'Tarta de chocolate sin horno', '2024-04-23', 1, 'VIDEO'),
(157, 'Foto: Mi mejor pastel de bodas', '2024-04-24', 1, 'IMAGEN'),
-- Creador 168 (Anime 2)
(168, 'Video: Visitando Akihabara virtual', '2024-04-23', 1, 'VIDEO'),
(168, 'Foto: Mi colección de llaveros', '2024-04-24', 1, 'IMAGEN'),
-- Creador 182 (Foto)
(182, 'Video: Cómo posar para fotos', '2024-04-23', 1, 'VIDEO'),
(182, 'Foto: Retrato en blanco y negro', '2024-04-24', 1, 'IMAGEN'),
-- Creador 194 (Game Dev)
(194, 'Video: El arte de los niveles', '2024-04-23', 1, 'VIDEO'),
(194, '¿Unity o Unreal? Mi veredicto', '2024-04-24', 1, 'TEXTO'),
-- Creador 205 (Mates)
(205, 'Integrales triples guía rápida', '2024-04-23', 1, 'TEXTO'),
(205, 'Foto: Mis notas de examen 100/100', '2024-04-24', 1, 'IMAGEN'),
-- Creador 218 (NSFW)
(218, 'Video: Sorpresa de media noche', '2024-04-23', 0, 'VIDEO'),
(218, 'Foto: Lencería de seda roja', '2024-04-24', 0, 'IMAGEN'),
(218, 'Video: Baile privado para ti', '2024-04-25', 0, 'VIDEO'),
(218, '¿Qué harías si me ves así?', '2024-04-26', 0, 'TEXTO'),
(218, 'Foto: Saliendo del baño', '2024-04-27', 0, 'IMAGEN'),
-- Creador 229 (NSFW)
(229, 'Video: Rutina de ducha caliente', '2024-04-23', 0, 'VIDEO'),
(229, 'Foto: Sin ropa en el campo', '2024-04-24', 0, 'IMAGEN'),
-- Creador 233 (NSFW)
(233, 'Video: Escena en el jet privado', '2024-04-23', 0, 'VIDEO'),
(233, 'Foto: Atada y seductora', '2024-04-24', 0, 'IMAGEN'),
-- Creador 244 (NSFW)
(244, 'Video: Hackeando tus sentidos', '2024-04-23', 0, 'VIDEO'),
(244, 'Foto: En la oscuridad total', '2024-04-24', 0, 'IMAGEN'),
-- Creador 250 (NSFW)
(250, 'Video: Solo para tus ojos', '2024-04-23', 0, 'VIDEO'),
(250, 'Foto: Posando en la red', '2024-04-24', 0, 'IMAGEN'),
(250, 'Video: Mi secreto mejor guardado', '2024-04-25', 0, 'VIDEO'),
(250, 'Deseos de fin de mes', '2024-04-26', 0, 'TEXTO'),
(250, 'Foto: Close up íntimo', '2024-04-27', 0, 'IMAGEN'),
(250, 'Video: Juego de manos', '2024-04-28', 0, 'VIDEO'),
(250, 'Foto: Cuerpo y alma', '2024-04-29', 0, 'IMAGEN'),
(250, 'Video: Despedida de abril', '2024-04-30', 0, 'VIDEO');

INSERT INTO Publicacion (idCreador, titulo, fecha_publicacion, es_publica, tipo_contenido) VALUES
(4, 'Review: ¿Es 2026 el mejor año del gaming?', '2024-05-01', 1, 'TEXTO'),
(4, 'Vlog: Mi viaje a la Tokyo Game Show', '2024-05-02', 1, 'VIDEO'),
(4, 'Foto: Mi nueva silla ergonómica', '2024-05-03', 1, 'IMAGEN'),
(4, 'Reto: Pasando Los Sims 4 sin morir', '2024-05-04', 0, 'VIDEO'),
(7, 'Pasta carbonara: La receta original', '2024-05-01', 1, 'VIDEO'),
(7, '5 errores que arruinan tu arroz', '2024-05-02', 1, 'TEXTO'),
(7, 'Foto: Mi cocina después de un servicio', '2024-05-03', 1, 'IMAGEN'),
(144, 'Cómo sobrevivir a una entrevista técnica', '2024-05-01', 1, 'TEXTO'),
(144, 'Tutorial: Desplegando en AWS', '2024-05-02', 0, 'VIDEO'),
(144, 'Foto: Mi setup con 3 monitores', '2024-05-03', 1, 'IMAGEN'),
(144, '¿Por qué odio JavaScript? (Broma)', '2024-05-04', 1, 'TEXTO'),
(218, 'Video: Jugando con espuma', '2024-05-01', 0, 'VIDEO'),
(218, 'Foto: Mi lencería de encaje blanco', '2024-05-02', 0, 'IMAGEN'),
(218, 'Video: Baile especial de mayo', '2024-05-03', 0, 'VIDEO'),
(218, 'Foto: Atardecer desde mi balcón', '2024-05-04', 1, 'IMAGEN'),
(218, 'Chat caliente: Tus fantasías', '2024-05-05', 0, 'TEXTO'),
(250, 'Video: Probándome ropa muy ajustada', '2024-05-01', 0, 'VIDEO'),
(250, 'Foto: Primer plano de mis labios', '2024-05-02', 0, 'IMAGEN'),
(250, 'Video: Yoga en la habitación', '2024-05-03', 0, 'VIDEO'),
(250, 'Foto: Mi silueta contra la ventana', '2024-05-04', 0, 'IMAGEN'),
(13, 'Video: Pintando con spray', '2024-05-01', 1, 'VIDEO'),
(22, 'Foto: El perro más viejo del mundo', '2024-05-01', 1, 'IMAGEN'),
(33, 'Vlog: Mi peor experiencia en un hostal', '2024-05-02', 1, 'VIDEO'),
(45, 'Texto: 10 básicos para este verano', '2024-05-02', 1, 'TEXTO'),
(54, 'Video: Mi teclado personalizado de $500', '2024-05-03', 1, 'VIDEO'),
(68, 'Foto: Mi colección de figuras de One Piece', '2024-05-03', 1, 'IMAGEN'),
(73, 'Texto: Por qué no debes usar fuentes baratas', '2024-05-04', 1, 'TEXTO'),
(82, 'Video: Cómo ahorrar el 20% de tu sueldo', '2024-05-04', 1, 'VIDEO'),
(95, 'Foto: Mi piel antes y después del peeling', '2024-05-05', 1, 'IMAGEN'),
(104, 'Video: Exploración en cementerio militar', '2024-05-05', 1, 'VIDEO'),
(116, 'Texto: La verdad sobre los suplementos', '2024-05-06', 1, 'TEXTO'),
(129, 'Foto: Mi equipo de supervivencia', '2024-05-06', 1, 'IMAGEN'),
(157, 'Video: Decorando una tarta de 5 pisos', '2024-05-07', 0, 'VIDEO'),
(168, 'Texto: Crítica al final de My Hero Academia', '2024-05-07', 1, 'TEXTO'),
(182, 'Foto: Fotografía de calle en New York', '2024-05-08', 1, 'IMAGEN'),
(194, 'Video: Programando un enemigo IA', '2024-05-08', 1, 'VIDEO'),
(205, 'Texto: ¿Qué es la cuarta dimensión?', '2024-05-09', 1, 'TEXTO'),
(229, 'Foto: Mis músculos después de 1 año', '2024-05-09', 0, 'IMAGEN'),
(233, 'Video: Un día en la oficina de lujo', '2024-05-10', 0, 'VIDEO'),
(244, 'Foto: Mi PC con refrigeración líquida roja', '2024-05-10', 1, 'IMAGEN'),
(4, 'Reto: Juego de terror con monitor apagado', '2024-05-11', 1, 'VIDEO'),
(7, 'Receta: Pan de jamón paso a paso', '2024-05-11', 1, 'VIDEO'),
(144, 'Texto: Por qué Rust es el futuro', '2024-05-12', 1, 'TEXTO'),
(218, 'Foto: Mi lado más tierno', '2024-05-12', 1, 'IMAGEN'),
(250, 'Video: Baño de pétalos', '2024-05-13', 0, 'VIDEO'),
(13, 'Foto: Mi última obra vendida', '2024-05-13', 1, 'IMAGEN'),
(22, 'Texto: Mitos sobre la comida para gatos', '2024-05-14', 1, 'TEXTO'),
(33, 'Video: Cómo viajar gratis con puntos', '2024-05-14', 1, 'VIDEO'),
(4, 'Gameplay: Probando juegos indie raros', '2024-05-15', 1, 'VIDEO'),
(7, 'Review: Los mejores hornos de 2024', '2024-05-15', 1, 'TEXTO'),
(13, 'Boceto rápido: Dragón de fuego', '2024-05-16', 1, 'IMAGEN'),
(144, 'Git commit: Mi mayor error en producción', '2024-05-16', 1, 'TEXTO'),
(218, 'Video: Sesión de ASMR sexy', '2024-05-17', 0, 'VIDEO'),
(250, 'Foto: Jugando con sombras', '2024-05-17', 0, 'IMAGEN'),
(33, 'Vlog: 48 horas en Medellín', '2024-05-18', 1, 'VIDEO'),
(116, 'Reto: 30 días sin azúcar', '2024-05-18', 1, 'TEXTO'),
(104, 'Relato: La casa de los espejos', '2024-05-19', 1, 'TEXTO'),
(82, 'Video: Análisis del mercado inmobiliario', '2024-05-19', 1, 'VIDEO'),
(45, 'Foto: Mi colección de bolsos vintage', '2024-05-20', 1, 'IMAGEN'),
(73, 'Video: Limpiando mi teclado mecánico', '2024-05-20', 1, 'VIDEO');

INSERT INTO Suscripcion (idUsuario, idNivel, fecha_inicio, fecha_renovacion, fecha_fin, estado, precio_pactado) VALUES
(1, 1, '2024-01-10', '2024-02-10', NULL, 'Activa', 4.99),
(1, 3, '2024-01-15', '2024-02-15', NULL, 'Activa', 5.00),
(1, 5, '2024-01-20', '2024-02-20', NULL, 'Activa', 5.00),
(2, 2, '2023-11-01', '2023-12-01', '2023-12-01', 'Vencida', 14.99),
(2, 4, '2024-01-05', '2024-02-05', NULL, 'Activa', 15.00),
(4, 1, '2024-01-12', '2024-02-12', NULL, 'Activa', 4.99),
(4, 13, '2023-12-10', '2024-01-10', '2024-01-10', 'Cancelada', 2.00),
(5, 5, '2024-01-01', '2024-02-01', NULL, 'Activa', 5.00),
(5, 29, '2024-01-01', '2024-02-01', NULL, 'Activa', 15.00),
(6, 11, '2024-01-15', '2024-02-15', NULL, 'Activa', 4.99),
(6, 45, '2024-01-15', '2024-02-15', NULL, 'Activa', 20.00),
(7, 13, '2024-01-20', '2024-02-20', NULL, 'Activa', 2.00),
(8, 17, '2024-01-05', '2024-02-05', NULL, 'Activa', 10.00),
(8, 19, '2023-10-10', '2023-11-10', '2023-11-10', 'Vencida', 40.00),
(9, 9, '2024-01-18', '2024-02-18', NULL, 'Activa', 5.99),
(10, 1, '2024-01-02', '2024-02-02', NULL, 'Activa', 4.99),
(10, 10, '2024-01-02', '2024-02-02', NULL, 'Activa', 12.50),
(12, 3, '2024-01-22', '2024-02-22', NULL, 'Activa', 5.00),
(12, 33, '2024-01-22', '2024-02-22', NULL, 'Activa', 10.00),
(13, 21, '2024-01-05', '2024-02-05', NULL, 'Activa', 5.00),
(14, 2, '2024-01-10', '2024-02-10', NULL, 'Activa', 14.99),
(15, 3, '2024-01-15', '2024-02-15', NULL, 'Activa', 5.00),
(15, 18, '2024-01-15', '2024-02-15', NULL, 'Activa', 10.00),
(16, 3, '2024-01-20', '2024-02-20', NULL, 'Activa', 5.00),
(17, 19, '2024-01-25', '2024-02-25', NULL, 'Activa', 40.00),
(18, 15, '2024-01-05', '2024-02-05', NULL, 'Activa', 7.00),
(19, 29, '2024-01-12', '2024-02-12', NULL, 'Activa', 15.00),
(19, 44, '2024-01-12', '2024-02-12', NULL, 'Activa', 20.00),
(20, 3, '2024-01-08', '2024-02-08', NULL, 'Activa', 5.00),
(21, 10, '2024-01-14', '2024-02-14', NULL, 'Activa', 12.50),
(22, 1, '2024-01-19', '2024-02-19', NULL, 'Activa', 4.99),
(23, 15, '2024-01-30', '2024-02-29', NULL, 'Activa', 7.00),
(25, 5, '2024-01-04', '2024-02-04', NULL, 'Activa', 5.00),
(26, 3, '2024-01-10', '2024-02-10', NULL, 'Activa', 5.00),
(27, 2, '2024-01-15', '2024-02-15', NULL, 'Activa', 14.99),
(28, 4, '2024-01-20', '2024-02-20', NULL, 'Activa', 15.00),
(29, 15, '2024-01-25', '2024-02-25', NULL, 'Activa', 7.00),
(30, 42, '2024-01-02', '2024-02-02', NULL, 'Activa', 5.00),
(31, 5, '2024-01-08', '2024-02-08', NULL, 'Activa', 5.00),
(32, 19, '2024-01-14', '2024-02-14', NULL, 'Activa', 40.00),
(33, 3, '2024-01-19', '2024-02-19', NULL, 'Activa', 5.00),
(34, 15, '2024-01-22', '2024-02-22', NULL, 'Activa', 7.00),
(36, 1, '2024-01-05', '2024-02-05', NULL, 'Activa', 4.99),
(37, 2, '2024-01-10', '2024-02-10', NULL, 'Activa', 14.99),
(38, 5, '2024-01-15', '2024-02-15', NULL, 'Activa', 5.00),
(39, 10, '2024-01-20', '2024-02-20', NULL, 'Activa', 12.50),
(40, 42, '2024-01-25', '2024-02-25', NULL, 'Activa', 5.00),
(41, 25, '2024-01-04', '2024-02-04', NULL, 'Activa', 10.00),
(42, 19, '2024-01-09', '2024-02-09', NULL, 'Activa', 40.00),
(43, 15, '2024-01-15', '2024-02-15', NULL, 'Activa', 7.00),
(44, 42, '2024-01-20', '2024-02-20', NULL, 'Activa', 5.00),
(45, 21, '2024-01-28', '2024-02-28', NULL, 'Activa', 5.00),
(46, 5, '2024-01-05', '2024-02-05', NULL, 'Activa', 5.00),
(47, 3, '2024-01-10', '2024-02-10', NULL, 'Activa', 5.00),
(48, 15, '2024-01-15', '2024-02-15', NULL, 'Activa', 7.00),
(50, 4, '2024-01-20', '2024-02-20', NULL, 'Activa', 15.00),
(51, 5, '2024-01-02', '2024-02-02', NULL, 'Activa', 5.00),
(52, 3, '2024-01-08', '2024-02-08', NULL, 'Activa', 5.00),
(53, 19, '2024-01-14', '2024-02-14', NULL, 'Activa', 40.00),
(54, 1, '2024-01-19', '2024-02-19', NULL, 'Activa', 4.99),
(55, 42, '2024-01-22', '2024-02-22', NULL, 'Activa', 5.00),
(56, 15, '2024-01-25', '2024-02-25', NULL, 'Activa', 7.00),
(57, 10, '2024-01-05', '2024-02-05', NULL, 'Activa', 12.50),
(58, 1, '2024-01-10', '2024-02-10', NULL, 'Activa', 4.99),
(59, 9, '2024-01-15', '2024-02-15', NULL, 'Activa', 5.99),
(61, 3, '2024-01-20', '2024-02-20', NULL, 'Activa', 5.00),
(62, 3, '2024-01-02', '2024-02-02', NULL, 'Activa', 5.00),
(63, 5, '2024-01-08', '2024-02-08', NULL, 'Activa', 5.00),
(64, 15, '2024-01-14', '2024-02-14', NULL, 'Activa', 7.00),
(65, 42, '2024-01-19', '2024-02-19', NULL, 'Activa', 5.00),
(66, 5, '2024-01-22', '2024-02-22', NULL, 'Activa', 5.00),
(67, 10, '2024-01-25', '2024-02-25', NULL, 'Activa', 12.50),
(68, 15, '2024-01-05', '2024-02-05', NULL, 'Activa', 7.00),
(69, 31, '2024-01-10', '2024-02-10', NULL, 'Activa', 15.00),
(70, 11, '2024-01-15', '2024-02-15', NULL, 'Activa', 4.99),
(71, 3, '2024-01-20', '2024-02-20', NULL, 'Activa', 5.00),
(73, 17, '2024-01-25', '2024-02-25', NULL, 'Activa', 10.00),
(74, 5, '2024-01-04', '2024-02-04', NULL, 'Activa', 5.00),
(75, 15, '2024-01-09', '2024-02-09', NULL, 'Activa', 7.00),
(76, 3, '2024-01-15', '2024-02-15', NULL, 'Activa', 5.00),
(77, 3, '2024-01-20', '2024-02-20', NULL, 'Activa', 5.00),
(78, 2, '2024-01-28', '2024-02-28', NULL, 'Activa', 14.99),
(79, 5, '2024-01-05', '2024-02-05', NULL, 'Activa', 5.00),
(80, 42, '2024-01-10', '2024-02-10', NULL, 'Activa', 5.00),
(81, 15, '2024-01-15', '2024-02-15', NULL, 'Activa', 7.00),
(82, 19, '2024-01-20', '2024-02-20', NULL, 'Activa', 40.00),
(83, 3, '2024-01-02', '2024-02-02', NULL, 'Activa', 5.00),
(84, 17, '2024-01-08', '2024-02-08', NULL, 'Activa', 10.00),
(85, 42, '2024-01-14', '2024-02-14', NULL, 'Activa', 5.00),
(87, 15, '2024-01-19', '2024-02-19', NULL, 'Activa', 7.00),
(88, 3, '2024-01-22', '2024-02-22', NULL, 'Activa', 5.00),
(89, 5, '2024-01-25', '2024-02-25', NULL, 'Activa', 5.00),
(90, 19, '2024-01-05', '2024-02-05', NULL, 'Activa', 40.00),
(91, 10, '2024-01-10', '2024-02-10', NULL, 'Activa', 12.50),
(92, 1, '2024-01-15', '2024-02-15', NULL, 'Activa', 4.99),
(93, 15, '2024-01-20', '2024-02-20', NULL, 'Activa', 7.00),
(94, 31, '2024-01-25', '2024-02-25', NULL, 'Activa', 15.00),
(95, 21, '2024-01-04', '2024-02-04', NULL, 'Activa', 5.00),
(96, 5, '2024-01-09', '2024-02-09', NULL, 'Activa', 5.00),
(97, 19, '2024-01-15', '2024-02-15', NULL, 'Activa', 40.00),
(98, 17, '2024-01-20', '2024-02-20', NULL, 'Activa', 10.00),
(99, 10, '2024-01-28', '2024-02-28', NULL, 'Activa', 12.50),
(100, 1, '2024-01-05', '2024-02-05', NULL, 'Activa', 4.99),
(101, 15, '2024-01-10', '2024-02-10', NULL, 'Activa', 7.00),
(103, 5, '2024-01-15', '2024-02-15', NULL, 'Activa', 5.00),
(104, 15, '2024-01-20', '2024-02-20', NULL, 'Activa', 7.00),
(105, 19, '2024-01-02', '2024-02-02', NULL, 'Activa', 40.00),
(106, 3, '2024-01-08', '2024-02-08', NULL, 'Activa', 5.00),
(107, 15, '2024-01-14', '2024-02-14', NULL, 'Activa', 7.00),
(108, 10, '2024-01-19', '2024-02-19', NULL, 'Activa', 12.50),
(109, 21, '2024-01-22', '2024-02-22', NULL, 'Activa', 5.00),
(110, 15, '2024-01-25', '2024-02-25', NULL, 'Activa', 7.00),
(111, 3, '2024-01-05', '2024-02-05', NULL, 'Activa', 5.00),
(112, 5, '2024-01-10', '2024-02-10', NULL, 'Activa', 5.00),
(114, 5, '2024-01-15', '2024-02-15', NULL, 'Activa', 5.00),
(115, 19, '2024-01-20', '2024-02-20', NULL, 'Activa', 40.00),
(116, 25, '2024-01-25', '2024-02-25', NULL, 'Activa', 10.00),
(117, 10, '2024-01-04', '2024-02-04', NULL, 'Activa', 12.50),
(118, 15, '2024-01-09', '2024-02-09', NULL, 'Activa', 7.00),
(119, 31, '2024-01-15', '2024-02-15', NULL, 'Activa', 15.00),
(120, 11, '2024-01-20', '2024-02-20', NULL, 'Activa', 4.99),
(121, 10, '2024-01-28', '2024-02-28', NULL, 'Activa', 12.50),
(122, 1, '2024-01-05', '2024-02-05', NULL, 'Activa', 4.99),
(123, 17, '2024-01-10', '2024-02-10', NULL, 'Activa', 10.00),
(124, 5, '2024-01-15', '2024-02-15', NULL, 'Activa', 5.00),
(125, 19, '2024-01-20', '2024-02-20', NULL, 'Activa', 40.00),
(126, 3, '2024-01-02', '2024-02-02', NULL, 'Activa', 5.00),
(127, 15, '2024-01-08', '2024-02-08', NULL, 'Activa', 7.00),
(128, 5, '2024-01-14', '2024-02-14', NULL, 'Activa', 5.00),
(129, 9, '2024-01-19', '2024-02-19', NULL, 'Activa', 5.99),
(131, 10, '2024-01-22', '2024-02-22', NULL, 'Activa', 12.50),
(132, 3, '2024-01-25', '2024-02-25', NULL, 'Activa', 5.00),
(133, 15, '2024-01-05', '2024-02-05', NULL, 'Activa', 7.00),
(134, 17, '2024-01-10', '2024-02-10', NULL, 'Activa', 10.00),
(135, 42, '2024-01-15', '2024-02-15', NULL, 'Activa', 5.00),
(136, 5, '2024-01-20', '2024-02-20', NULL, 'Activa', 5.00),
(137, 3, '2024-01-25', '2024-02-25', NULL, 'Activa', 5.00),
(138, 19, '2024-01-04', '2024-02-04', NULL, 'Activa', 40.00),
(139, 10, '2024-01-09', '2024-02-09', NULL, 'Activa', 12.50),
(141, 15, '2024-01-15', '2024-02-15', NULL, 'Activa', 7.00),
(142, 17, '2024-01-20', '2024-02-20', NULL, 'Activa', 10.00),
(143, 15, '2024-01-28', '2024-02-28', NULL, 'Activa', 7.00),
(144, 31, '2024-01-05', '2024-02-05', NULL, 'Activa', 15.00),
(145, 21, '2024-01-10', '2024-02-10', NULL, 'Activa', 5.00),
(146, 19, '2024-01-15', '2024-02-15', NULL, 'Activa', 40.00),
(147, 3, '2024-01-20', '2024-02-20', NULL, 'Activa', 5.00),
(148, 17, '2024-01-25', '2024-02-25', NULL, 'Activa', 10.00),
(149, 10, '2024-01-02', '2024-02-02', NULL, 'Activa', 12.50),
(151, 15, '2024-01-08', '2024-02-08', NULL, 'Activa', 7.00),
(152, 5, '2024-01-14', '2024-02-14', NULL, 'Activa', 5.00),
(153, 3, '2024-01-19', '2024-02-19', NULL, 'Activa', 5.00),
(154, 19, '2024-01-22', '2024-02-22', NULL, 'Activa', 40.00),
(155, 15, '2024-01-25', '2024-02-25', NULL, 'Activa', 7.00),
(156, 1, '2024-01-05', '2024-02-05', NULL, 'Activa', 4.99),
(157, 10, '2024-01-10', '2024-02-10', NULL, 'Activa', 12.50),
(158, 17, '2024-01-15', '2024-02-15', NULL, 'Activa', 10.00),
(159, 9, '2024-01-20', '2024-02-20', NULL, 'Activa', 5.99),
(161, 5, '2024-01-25', '2024-02-25', NULL, 'Activa', 5.00),
(162, 3, '2024-01-04', '2024-02-04', NULL, 'Activa', 5.00),
(163, 19, '2024-01-09', '2024-02-09', NULL, 'Activa', 40.00),
(164, 10, '2024-01-15', '2024-02-15', NULL, 'Activa', 12.50),
(165, 42, '2024-01-20', '2024-02-20', NULL, 'Activa', 5.00),
(166, 15, '2024-01-28', '2024-02-28', NULL, 'Activa', 7.00),
(167, 17, '2024-01-05', '2024-02-05', NULL, 'Activa', 10.00),
(168, 15, '2024-01-10', '2024-02-10', NULL, 'Activa', 7.00),
(169, 31, '2024-01-15', '2024-02-15', NULL, 'Activa', 15.00),
(170, 21, '2024-01-20', '2024-02-20', NULL, 'Activa', 5.00),
(171, 19, '2024-01-25', '2024-02-25', NULL, 'Activa', 40.00),
(173, 17, '2024-01-02', '2024-02-02', NULL, 'Activa', 10.00),
(174, 5, '2024-01-08', '2024-02-08', NULL, 'Activa', 5.00),
(175, 1, '2024-01-14', '2024-02-14', NULL, 'Activa', 4.99),
(176, 5, '2024-01-19', '2024-02-19', NULL, 'Activa', 5.00),
(177, 19, '2024-01-22', '2024-02-22', NULL, 'Activa', 40.00),
(178, 3, '2024-01-25', '2024-02-25', NULL, 'Activa', 5.00),
(179, 15, '2024-01-05', '2024-02-05', NULL, 'Activa', 7.00),
(180, 42, '2024-01-10', '2024-02-10', NULL, 'Activa', 5.00),
(181, 10, '2024-01-15', '2024-02-15', NULL, 'Activa', 12.50),
(182, 5, '2024-01-20', '2024-02-20', NULL, 'Activa', 5.00),
(184, 17, '2024-01-25', '2024-02-25', NULL, 'Activa', 10.00),
(185, 42, '2024-01-04', '2024-02-04', NULL, 'Activa', 5.00),
(186, 1, '2024-01-09', '2024-02-09', NULL, 'Activa', 4.99),
(187, 15, '2024-01-15', '2024-02-15', NULL, 'Activa', 7.00),
(188, 3, '2024-01-20', '2024-02-20', NULL, 'Activa', 5.00),
(189, 5, '2024-01-28', '2024-02-28', NULL, 'Activa', 5.00),
(190, 19, '2024-01-05', '2024-02-05', NULL, 'Activa', 40.00),
(191, 25, '2024-01-10', '2024-02-10', NULL, 'Activa', 10.00),
(192, 17, '2024-01-15', '2024-02-15', NULL, 'Activa', 10.00),
(193, 15, '2024-01-20', '2024-02-20', NULL, 'Activa', 7.00),
(194, 31, '2024-01-25', '2024-02-25', NULL, 'Activa', 15.00),
(195, 21, '2024-01-02', '2024-02-02', NULL, 'Activa', 5.00),
(196, 19, '2024-01-08', '2024-02-08', NULL, 'Activa', 40.00),
(197, 1, '2024-01-14', '2024-02-14', NULL, 'Activa', 4.99),
(198, 17, '2024-01-19', '2024-02-19', NULL, 'Activa', 10.00),
(200, 1, '2024-01-22', '2024-02-22', NULL, 'Activa', 4.99),
(201, 5, '2024-01-25', '2024-02-25', NULL, 'Activa', 5.00),
(202, 19, '2024-01-05', '2024-02-05', NULL, 'Activa', 40.00),
(203, 3, '2024-01-10', '2024-02-10', NULL, 'Activa', 5.00),
(204, 1, '2024-01-15', '2024-02-15', NULL, 'Activa', 4.99),
(205, 42, '2024-01-20', '2024-02-20', NULL, 'Activa', 5.00),
(206, 15, '2024-01-25', '2024-02-25', NULL, 'Activa', 7.00),
(207, 5, '2024-01-04', '2024-02-04', NULL, 'Activa', 5.00),
(208, 19, '2024-01-09', '2024-02-09', NULL, 'Activa', 40.00),
(209, 9, '2024-01-15', '2024-02-15', NULL, 'Activa', 5.99),
(210, 1, '2024-01-20', '2024-02-20', NULL, 'Activa', 4.99),
(211, 3, '2024-01-28', '2024-02-28', NULL, 'Activa', 5.00),
(212, 15, '2024-01-05', '2024-02-05', NULL, 'Activa', 7.00),
(214, 19, '2024-01-10', '2024-02-10', NULL, 'Activa', 40.00),
(215, 42, '2024-01-15', '2024-02-15', NULL, 'Activa', 5.00),
(216, 25, '2024-01-20', '2024-02-20', NULL, 'Activa', 10.00),
(217, 17, '2024-01-25', '2024-02-25', NULL, 'Activa', 10.00),
(218, 15, '2024-01-02', '2024-02-02', NULL, 'Activa', 7.00),
(219, 31, '2024-01-08', '2024-02-08', NULL, 'Activa', 15.00),
(220, 21, '2024-01-14', '2024-02-14', NULL, 'Activa', 5.00),
(221, 1, '2024-01-19', '2024-02-19', NULL, 'Activa', 4.99),
(222, 1, '2024-01-22', '2024-02-22', NULL, 'Activa', 4.99),
(223, 17, '2024-01-25', '2024-02-25', NULL, 'Activa', 10.00),
(224, 1, '2024-01-05', '2024-02-05', NULL, 'Activa', 4.99),
(225, 5, '2024-01-10', '2024-02-10', NULL, 'Activa', 5.00);

INSERT INTO Suscripcion (idUsuario, idNivel, fecha_inicio, fecha_renovacion, fecha_fin, estado, precio_pactado) VALUES
-- HISTORIAL DE USUARIOS (ID 171 EN ADELANTE)
(171, 1, '2022-01-10', '2022-02-10', '2022-02-10', 'Vencida', 4.99),
(171, 3, '2022-03-15', '2022-04-15', '2022-04-01', 'Cancelada', 5.00),
(172, 5, '2021-11-20', '2021-12-20', '2021-12-20', 'Vencida', 5.00),
(173, 2, '2023-01-05', '2023-02-05', '2023-02-05', 'Vencida', 14.99),
(174, 15, '2024-01-10', '2024-02-10', NULL, 'Activa', 7.00),
(175, 4, '2022-05-12', '2022-06-12', '2022-06-12', 'Vencida', 15.00),
(175, 10, '2023-08-20', '2023-09-20', '2023-09-10', 'Cancelada', 12.50),
(176, 21, '2021-09-01', '2021-10-01', '2021-10-01', 'Vencida', 5.00),
(177, 1, '2023-02-14', '2023-03-14', '2023-03-14', 'Vencida', 4.99),
(178, 31, '2024-01-15', '2024-02-15', NULL, 'Activa', 15.00),
(179, 11, '2022-07-07', '2022-08-07', '2022-08-07', 'Vencida', 4.99),
(180, 19, '2023-04-30', '2023-05-30', '2023-05-15', 'Cancelada', 40.00),
(181, 1, '2022-10-12', '2022-11-12', '2022-11-12', 'Vencida', 4.99),
(182, 3, '2023-11-05', '2023-12-05', '2023-12-05', 'Vencida', 5.00),
(183, 42, '2021-05-19', '2021-06-19', '2021-06-19', 'Vencida', 5.00),
(184, 15, '2024-01-20', '2024-02-20', NULL, 'Activa', 7.00),
(185, 2, '2022-09-09', '2022-10-09', '2022-10-09', 'Vencida', 14.99),
(186, 17, '2023-03-22', '2023-04-22', '2023-04-22', 'Vencida', 10.00),
(187, 5, '2024-01-05', '2024-02-05', NULL, 'Activa', 5.00),
(188, 1, '2022-12-25', '2023-01-25', '2023-01-25', 'Vencida', 4.99),
(189, 10, '2023-06-18', '2023-07-18', '2023-07-01', 'Cancelada', 12.50),
(190, 21, '2021-11-11', '2021-12-11', '2021-12-11', 'Vencida', 5.00),
(191, 1, '2023-02-28', '2023-03-28', '2023-03-28', 'Vencida', 4.99),
(192, 19, '2022-08-30', '2022-09-30', '2022-09-30', 'Vencida', 40.00),
(193, 15, '2024-01-12', '2024-02-12', NULL, 'Activa', 7.00),
(194, 3, '2023-05-12', '2023-06-12', '2023-06-12', 'Vencida', 5.00),
(195, 31, '2021-12-10', '2022-01-10', '2022-01-10', 'Vencida', 15.00),
(196, 5, '2023-07-07', '2023-08-07', '2023-08-07', 'Vencida', 5.00),
(197, 10, '2022-04-15', '2022-05-15', '2022-05-15', 'Vencida', 12.50),
(198, 1, '2023-01-01', '2023-02-01', '2023-02-01', 'Vencida', 4.99),
(199, 15, '2021-08-12', '2021-09-12', '2021-09-12', 'Vencida', 7.00),
(200, 42, '2024-01-25', '2024-02-25', NULL, 'Activa', 5.00),
(201, 1, '2022-11-30', '2022-12-30', '2022-12-20', 'Cancelada', 4.99),
(202, 17, '2023-03-12', '2023-04-12', '2023-04-12', 'Vencida', 10.00),
(203, 3, '2021-07-22', '2021-08-22', '2021-08-22', 'Vencida', 5.00),
(204, 25, '2023-09-04', '2023-10-04', '2023-10-04', 'Vencida', 10.00),
(205, 5, '2024-01-10', '2024-02-10', NULL, 'Activa', 5.00),
(206, 1, '2022-01-30', '2022-02-28', '2022-02-28', 'Vencida', 4.99),
(207, 19, '2023-05-14', '2023-06-14', '2023-06-14', 'Vencida', 40.00),
(208, 10, '2021-09-09', '2021-10-09', '2021-10-09', 'Vencida', 12.50),
(209, 15, '2023-04-20', '2023-05-20', '2023-05-20', 'Vencida', 7.00),
(210, 31, '2024-01-28', '2024-02-28', NULL, 'Activa', 15.00),
(211, 2, '2022-02-14', '2022-03-14', '2022-03-14', 'Vencida', 14.99),
(212, 5, '2023-06-18', '2023-07-18', '2023-07-18', 'Vencida', 5.00),
(213, 1, '2021-10-12', '2021-11-12', '2021-11-12', 'Vencida', 4.99),
(214, 15, '2023-12-25', '2024-01-25', NULL, 'Activa', 7.00),
(215, 4, '2022-08-30', '2022-09-30', '2022-09-30', 'Vencida', 15.00),
(216, 10, '2023-01-05', '2023-02-05', '2023-02-05', 'Vencida', 12.50),
(217, 3, '2021-03-22', '2021-04-22', '2021-04-22', 'Vencida', 5.00),
(218, 1, '2024-01-05', '2024-02-05', NULL, 'Activa', 4.99),
(219, 11, '2022-05-19', '2022-06-19', '2022-06-19', 'Vencida', 4.99),
(220, 19, '2023-09-04', '2023-10-04', '2023-09-15', 'Cancelada', 40.00),
(221, 5, '2024-01-15', '2024-02-15', NULL, 'Activa', 5.00),
(222, 17, '2022-02-28', '2022-03-28', '2022-03-28', 'Vencida', 10.00),
(223, 10, '2023-12-10', '2024-01-10', '2024-01-10', 'Vencida', 12.50),
(224, 1, '2021-11-20', '2021-12-20', '2021-12-20', 'Vencida', 4.99),
(225, 42, '2024-01-08', '2024-02-08', NULL, 'Activa', 5.00),
(1, 4, '2022-01-01', '2022-02-01', '2022-02-01', 'Vencida', 15.00),
(1, 15, '2023-05-01', '2023-06-01', '2023-05-10', 'Cancelada', 7.00),
(2, 9, '2021-12-15', '2022-01-15', '2022-01-15', 'Vencida', 5.99),
(4, 11, '2023-04-20', '2023-05-20', '2023-05-20', 'Vencida', 4.99),
(5, 17, '2022-08-10', '2022-09-10', '2022-09-10', 'Vencida', 10.00),
(6, 2, '2021-09-05', '2021-10-05', '2021-10-05', 'Vencida', 14.99),
(7, 3, '2023-01-12', '2023-02-12', '2023-02-12', 'Vencida', 5.00),
(8, 1, '2022-11-01', '2022-12-01', '2022-12-01', 'Vencida', 4.99),
(9, 42, '2023-06-15', '2023-07-15', '2023-07-01', 'Cancelada', 5.00),
(10, 5, '2021-03-10', '2021-04-10', '2021-04-10', 'Vencida', 5.00),
(12, 15, '2022-10-10', '2022-11-10', '2022-11-10', 'Vencida', 7.00),
(13, 29, '2023-08-01', '2023-09-01', '2023-09-01', 'Vencida', 15.00),
(14, 3, '2024-01-20', '2024-02-20', NULL, 'Activa', 5.00),
(15, 1, '2021-12-12', '2022-01-12', '2022-01-12', 'Vencida', 4.99),
(16, 17, '2023-04-18', '2023-05-18', '2023-05-18', 'Vencida', 10.00),
(17, 10, '2022-06-15', '2022-07-15', '2022-07-15', 'Vencida', 12.50),
(18, 5, '2024-01-05', '2024-02-05', NULL, 'Activa', 5.00),
(19, 42, '2023-02-14', '2023-03-14', '2023-03-14', 'Vencida', 5.00),
(20, 15, '2021-09-20', '2021-10-20', '2021-10-20', 'Vencida', 7.00),
(21, 3, '2022-05-12', '2022-06-12', '2022-06-12', 'Vencida', 5.00),
(22, 10, '2023-10-01', '2023-11-01', '2023-10-15', 'Cancelada', 12.50),
(23, 1, '2021-11-05', '2021-12-05', '2021-12-05', 'Vencida', 4.99),
(25, 17, '2024-01-10', '2024-02-10', NULL, 'Activa', 10.00),
(26, 5, '2022-04-20', '2022-05-20', '2022-05-20', 'Vencida', 5.00),
(27, 31, '2023-08-15', '2023-09-15', '2023-09-15', 'Vencida', 15.00),
(28, 1, '2021-12-25', '2022-01-25', '2022-01-25', 'Vencida', 4.99),
(29, 10, '2023-03-22', '2023-04-22', '2023-04-22', 'Vencida', 12.50),
(30, 15, '2022-10-12', '2022-11-12', '2022-11-12', 'Vencida', 7.00),
(31, 3, '2024-01-15', '2024-02-15', NULL, 'Activa', 5.00),
(32, 1, '2021-07-07', '2021-08-07', '2021-08-07', 'Vencida', 4.99),
(33, 17, '2023-05-19', '2023-06-19', '2023-06-19', 'Vencida', 10.00),
(34, 5, '2022-11-04', '2022-12-04', '2022-12-04', 'Vencida', 5.00),
(36, 10, '2024-01-20', '2024-02-20', NULL, 'Activa', 12.50),
(37, 42, '2021-12-10', '2022-01-10', '2022-01-10', 'Vencida', 5.00),
(38, 15, '2023-07-07', '2023-08-07', '2023-08-07', 'Vencida', 7.00),
(39, 1, '2022-04-15', '2022-05-15', '2022-05-15', 'Vencida', 4.99),
(40, 3, '2023-01-01', '2023-02-01', '2023-01-15', 'Cancelada', 5.00),
(41, 5, '2021-08-12', '2021-09-12', '2021-09-12', 'Vencida', 5.00),
(42, 17, '2024-01-05', '2024-02-05', NULL, 'Activa', 10.00),
(43, 10, '2022-11-30', '2022-12-30', '2022-12-30', 'Vencida', 12.50),
(44, 1, '2023-03-12', '2023-04-12', '2023-04-12', 'Vencida', 4.99),
(45, 15, '2021-07-22', '2021-08-22', '2021-08-22', 'Vencida', 7.00),
(46, 31, '2023-09-04', '2023-10-04', '2023-10-04', 'Vencida', 15.00),
(47, 5, '2024-01-12', '2024-02-12', NULL, 'Activa', 5.00),
(48, 1, '2022-01-30', '2022-02-28', '2022-02-28', 'Vencida', 4.99),
(50, 10, '2023-05-14', '2023-06-14', '2023-06-14', 'Vencida', 12.50),
(51, 15, '2021-09-09', '2021-10-09', '2021-10-09', 'Vencida', 7.00),
(52, 3, '2024-01-25', '2024-02-25', NULL, 'Activa', 5.00),
(53, 1, '2022-02-14', '2022-03-14', '2022-03-14', 'Vencida', 4.99),
(54, 17, '2023-06-18', '2023-07-18', '2023-07-18', 'Vencida', 10.00),
(55, 5, '2021-10-12', '2021-11-12', '2021-11-12', 'Vencida', 5.00),
(56, 10, '2024-01-08', '2024-02-08', NULL, 'Activa', 12.50),
(57, 1, '2022-08-30', '2022-09-30', '2022-09-30', 'Vencida', 4.99),
(58, 15, '2023-01-05', '2023-02-05', '2023-02-05', 'Vencida', 7.00),
(59, 3, '2021-03-22', '2021-04-22', '2021-04-22', 'Vencida', 5.00),
(61, 1, '2024-01-15', '2024-02-15', NULL, 'Activa', 4.99),
(62, 17, '2022-05-19', '2022-06-19', '2022-06-19', 'Vencida', 10.00),
(63, 10, '2023-09-04', '2023-10-04', '2023-10-04', 'Vencida', 12.50),
(64, 5, '2021-02-28', '2021-03-28', '2021-03-28', 'Vencida', 5.00),
(65, 1, '2024-01-05', '2024-02-05', NULL, 'Activa', 4.99),
(66, 15, '2022-12-10', '2023-01-10', '2023-01-10', 'Vencida', 7.00),
(67, 42, '2023-11-20', '2023-12-20', '2023-12-20', 'Vencida', 5.00),
(68, 10, '2021-01-01', '2021-02-01', '2021-02-01', 'Vencida', 12.50),
(69, 1, '2024-01-10', '2024-02-10', NULL, 'Activa', 4.99),
(70, 17, '2022-05-01', '2022-06-01', '2022-06-01', 'Vencida', 10.00),
(71, 5, '2023-08-15', '2023-09-15', '2023-09-15', 'Vencida', 5.00),
(73, 1, '2021-12-12', '2022-01-12', '2022-01-12', 'Vencida', 4.99),
(74, 15, '2024-01-25', '2024-02-25', NULL, 'Activa', 7.00),
(75, 10, '2022-04-18', '2022-05-18', '2022-05-18', 'Vencida', 12.50),
(76, 5, '2023-06-15', '2023-07-15', '2023-07-15', 'Vencida', 5.00),
(77, 1, '2021-09-20', '2021-10-20', '2021-10-20', 'Vencida', 4.99),
(78, 15, '2024-01-02', '2024-02-02', NULL, 'Activa', 7.00),
(79, 10, '2022-05-12', '2022-06-12', '2022-06-12', 'Vencida', 12.50),
(80, 5, '2023-10-01', '2023-11-01', '2023-11-01', 'Vencida', 5.00),
(81, 1, '2021-11-05', '2021-12-05', '2021-12-05', 'Vencida', 4.99),
(82, 15, '2024-01-08', '2024-02-08', NULL, 'Activa', 7.00),
(83, 10, '2022-04-20', '2022-05-20', '2022-05-20', 'Vencida', 12.50),
(84, 5, '2023-08-15', '2023-09-15', '2023-09-15', 'Vencida', 5.00),
(85, 1, '2021-12-25', '2022-01-25', '2022-01-25', 'Vencida', 4.99),
(87, 15, '2024-01-14', '2024-02-14', NULL, 'Activa', 7.00),
(88, 10, '2022-03-22', '2022-04-22', '2022-04-22', 'Vencida', 12.50),
(89, 5, '2023-10-12', '2023-11-12', '2023-11-12', 'Vencida', 5.00),
(90, 1, '2021-07-07', '2021-08-07', '2021-08-07', 'Vencida', 4.99),
(91, 15, '2024-01-19', '2024-02-19', NULL, 'Activa', 7.00),
(92, 10, '2022-05-19', '2022-06-19', '2022-06-19', 'Vencida', 12.50),
(93, 5, '2023-11-04', '2023-12-04', '2023-12-04', 'Vencida', 5.00),
(94, 1, '2021-12-10', '2022-01-10', '2022-01-10', 'Vencida', 4.99),
(95, 15, '2024-01-22', '2024-02-22', NULL, 'Activa', 7.00),
(96, 10, '2022-07-07', '2022-08-07', '2022-08-07', 'Vencida', 12.50),
(97, 5, '2023-04-15', '2023-05-15', '2023-05-15', 'Vencida', 5.00),
(98, 1, '2021-08-12', '2021-09-12', '2021-09-12', 'Vencida', 4.99),
(99, 15, '2024-01-25', '2024-02-25', NULL, 'Activa', 7.00),
(100, 10, '2022-11-30', '2022-12-30', '2022-12-30', 'Vencida', 12.50),
(101, 5, '2023-03-12', '2023-04-12', '2023-04-12', 'Vencida', 5.00),
(103, 1, '2021-07-22', '2021-08-22', '2021-08-22', 'Vencida', 4.99),
(104, 15, '2024-01-04', '2024-02-04', NULL, 'Activa', 7.00),
(105, 10, '2022-09-04', '2022-10-04', '2022-10-04', 'Vencida', 12.50),
(106, 5, '2023-01-30', '2023-02-28', '2023-02-28', 'Vencida', 5.00),
(107, 1, '2021-05-14', '2021-06-14', '2021-06-14', 'Vencida', 4.99),
(108, 15, '2024-01-09', '2024-02-09', NULL, 'Activa', 7.00),
(109, 10, '2022-09-09', '2022-10-09', '2022-10-09', 'Vencida', 12.50),
(110, 5, '2023-04-20', '2023-05-20', '2023-05-20', 'Vencida', 5.00),
(111, 1, '2021-02-14', '2021-03-14', '2021-03-14', 'Vencida', 4.99),
(112, 15, '2024-01-15', '2024-02-15', NULL, 'Activa', 7.00),
(114, 10, '2022-06-18', '2022-07-18', '2022-07-18', 'Vencida', 12.50),
(115, 5, '2023-10-12', '2023-11-12', '2023-11-12', 'Vencida', 5.00),
(116, 1, '2021-12-25', '2022-01-25', '2022-01-25', 'Vencida', 4.99),
(117, 15, '2024-01-20', '2024-02-20', NULL, 'Activa', 7.00),
(118, 10, '2022-08-30', '2022-09-30', '2022-09-30', 'Vencida', 12.50),
(119, 5, '2023-01-05', '2023-02-05', '2023-02-05', 'Vencida', 5.00),
(120, 1, '2021-03-22', '2021-04-22', '2021-04-22', 'Vencida', 4.99),
(121, 15, '2024-01-28', '2024-02-28', NULL, 'Activa', 7.00),
(122, 10, '2022-05-19', '2022-06-19', '2022-06-19', 'Vencida', 12.50),
(123, 5, '2023-09-04', '2023-10-04', '2023-10-04', 'Vencida', 5.00),
(124, 1, '2021-02-28', '2021-03-28', '2021-03-28', 'Vencida', 4.99),
(125, 15, '2024-01-05', '2024-02-05', NULL, 'Activa', 7.00),
(126, 10, '2022-12-10', '2023-01-10', '2023-01-10', 'Vencida', 12.50),
(127, 5, '2023-11-20', '2023-12-20', '2023-12-20', 'Vencida', 5.00),
(128, 1, '2021-11-20', '2021-12-20', '2021-12-20', 'Vencida', 4.99),
(129, 15, '2024-01-10', '2024-02-10', NULL, 'Activa', 7.00),
(130, 10, '2022-01-01', '2022-02-01', '2022-02-01', 'Vencida', 12.50),
(131, 5, '2023-05-01', '2023-06-01', '2023-06-01', 'Vencida', 5.00),
(132, 1, '2021-12-15', '2022-01-15', '2022-01-15', 'Vencida', 4.99),
(133, 15, '2024-01-15', '2024-02-15', NULL, 'Activa', 7.00),
(134, 10, '2022-04-20', '2022-05-20', '2022-05-20', 'Vencida', 12.50),
(135, 5, '2023-08-10', '2023-09-10', '2023-09-10', 'Vencida', 5.00),
(136, 1, '2021-09-05', '2021-10-05', '2021-10-05', 'Vencida', 4.99),
(137, 15, '2024-01-20', '2024-02-20', NULL, 'Activa', 7.00),
(138, 10, '2022-01-12', '2022-02-12', '2022-02-12', 'Vencida', 12.50),
(139, 5, '2023-11-01', '2023-12-01', '2023-12-01', 'Vencida', 5.00),
(140, 1, '2021-06-15', '2021-07-15', '2021-07-15', 'Vencida', 4.99),
(141, 15, '2024-01-25', '2024-02-25', NULL, 'Activa', 7.00),
(142, 10, '2022-03-10', '2022-04-10', '2022-04-10', 'Vencida', 12.50),
(143, 5, '2023-10-10', '2023-11-10', '2023-11-10', 'Vencida', 5.00),
(144, 1, '2021-08-01', '2021-09-01', '2021-09-01', 'Vencida', 4.99),
(145, 15, '2024-01-05', '2024-02-05', NULL, 'Activa', 7.00),
(146, 10, '2022-12-12', '2023-01-12', '2023-01-12', 'Vencida', 12.50),
(147, 5, '2023-04-18', '2023-05-18', '2023-05-18', 'Vencida', 5.00),
(148, 1, '2021-06-15', '2021-07-15', '2021-07-15', 'Vencida', 4.99),
(149, 15, '2024-01-10', '2024-02-10', NULL, 'Activa', 7.00),
(150, 10, '2022-02-14', '2023-03-14', '2023-03-14', 'Vencida', 12.50);

INSERT INTO Suscripcion (idUsuario, idNivel, fecha_inicio, fecha_renovacion, fecha_fin, estado, precio_pactado) VALUES
(226, 1, '2024-01-10', '2024-02-10', NULL, 'Activa', 4.99),
(226, 5, '2023-05-15', '2023-06-15', '2023-06-15', 'Vencida', 5.00),
(227, 2, '2022-10-20', '2022-11-20', '2022-11-01', 'Cancelada', 14.99),
(228, 15, '2024-01-05', '2024-02-05', NULL, 'Activa', 7.00),
(229, 3, '2023-03-12', '2023-04-12', '2023-04-12', 'Vencida', 5.00),
(230, 42, '2024-01-18', '2024-02-18', NULL, 'Activa', 5.00),
(231, 10, '2023-08-20', '2023-09-20', '2023-09-20', 'Vencida', 12.50),
(232, 1, '2024-01-12', '2024-02-12', NULL, 'Activa', 4.99),
(233, 17, '2022-12-05', '2023-01-05', '2023-01-05', 'Vencida', 10.00),
(234, 5, '2024-01-20', '2024-02-20', NULL, 'Activa', 5.00),
(235, 31, '2023-04-14', '2023-05-14', '2023-05-01', 'Cancelada', 15.00),
(236, 15, '2024-01-02', '2024-02-02', NULL, 'Activa', 7.00),
(237, 1, '2022-09-30', '2022-10-30', '2022-10-30', 'Vencida', 4.99),
(238, 19, '2024-01-15', '2024-02-15', NULL, 'Activa', 40.00),
(239, 3, '2023-01-12', '2023-02-12', '2023-02-12', 'Vencida', 5.00),
(240, 42, '2024-01-08', '2024-02-08', NULL, 'Activa', 5.00),
(241, 1, '2023-11-05', '2023-12-05', '2023-12-05', 'Vencida', 4.99),
(242, 10, '2024-01-22', '2024-02-22', NULL, 'Activa', 12.50),
(243, 15, '2022-06-18', '2022-07-18', '2022-07-18', 'Vencida', 7.00),
(244, 21, '2024-01-10', '2024-02-10', NULL, 'Activa', 5.00),
(245, 1, '2023-05-19', '2023-06-19', '2023-06-19', 'Vencida', 4.99),
(246, 5, '2024-01-28', '2024-02-28', NULL, 'Activa', 5.00),
(247, 17, '2022-11-04', '2022-12-04', '2022-12-04', 'Vencida', 10.00),
(248, 15, '2024-01-05', '2024-02-05', NULL, 'Activa', 7.00),
(249, 10, '2023-02-28', '2023-03-28', '2023-03-28', 'Vencida', 12.50),
(250, 31, '2024-01-14', '2024-02-14', NULL, 'Activa', 15.00),
(1, 19, '2022-04-15', '2022-05-15', '2022-05-15', 'Vencida', 40.00),
(4, 15, '2023-07-07', '2023-08-07', '2023-08-07', 'Vencida', 7.00),
(7, 10, '2022-01-01', '2022-02-01', '2022-01-15', 'Cancelada', 12.50),
(13, 1, '2024-01-15', '2024-02-15', NULL, 'Activa', 4.99),
(22, 5, '2023-03-12', '2023-04-12', '2023-04-12', 'Vencida', 5.00),
(33, 42, '2022-08-12', '2022-09-12', '2022-09-12', 'Vencida', 5.00),
(45, 17, '2024-01-20', '2024-02-20', NULL, 'Activa', 10.00),
(54, 3, '2023-02-10', '2023-03-10', '2023-03-10', 'Vencida', 5.00),
(68, 1, '2022-11-30', '2022-12-30', '2022-12-30', 'Vencida', 4.99),
(73, 15, '2024-01-12', '2024-02-12', NULL, 'Activa', 7.00),
(82, 10, '2023-03-12', '2023-04-12', '2023-04-12', 'Vencida', 12.50),
(95, 5, '2022-07-22', '2022-08-22', '2022-08-22', 'Vencida', 5.00),
(104, 1, '2024-01-25', '2024-02-25', NULL, 'Activa', 4.99),
(116, 17, '2023-11-05', '2023-12-05', '2023-12-05', 'Vencida', 10.00),
(129, 3, '2022-01-30', '2022-02-28', '2022-02-28', 'Vencida', 5.00),
(144, 10, '2024-01-08', '2024-02-08', NULL, 'Activa', 12.50),
(157, 15, '2023-05-14', '2023-06-14', '2023-06-14', 'Vencida', 7.00),
(168, 1, '2022-09-09', '2022-10-09', '2022-10-09', 'Vencida', 4.99),
(182, 5, '2024-01-15', '2024-02-15', NULL, 'Activa', 5.00),
(194, 42, '2023-04-20', '2023-05-20', '2023-05-20', 'Vencida', 5.00),
(205, 17, '2022-12-25', '2023-01-25', '2023-01-25', 'Vencida', 10.00),
(218, 3, '2024-01-05', '2024-02-05', NULL, 'Activa', 5.00),
(229, 10, '2023-02-14', '2023-03-14', '2023-03-14', 'Vencida', 12.50),
(233, 15, '2024-01-10', '2024-02-10', NULL, 'Activa', 7.00);

INSERT INTO Suscripcion (idUsuario, idNivel, fecha_inicio, fecha_renovacion, fecha_fin, estado, precio_pactado) VALUES
-- Bloque 1: Usuarios del 150 al 180 (Niveles variados)
(150, 1, '2023-05-10', '2023-06-10', '2023-06-10', 'Vencida', 4.99),
(151, 3, '2024-02-01', '2024-03-01', NULL, 'Activa', 5.00),
(152, 10, '2023-08-15', '2023-09-15', '2023-09-15', 'Vencida', 12.50),
(153, 17, '2024-01-10', '2024-02-10', NULL, 'Activa', 10.00),
(154, 2, '2023-03-20', '2023-04-20', '2023-04-20', 'Vencida', 14.99),
(155, 31, '2024-02-05', '2024-03-05', NULL, 'Activa', 15.00),
(156, 15, '2023-01-12', '2023-02-12', '2023-02-12', 'Vencida', 7.00),
(157, 5, '2024-01-20', '2024-02-20', NULL, 'Activa', 5.00),
(158, 42, '2023-06-18', '2023-07-18', '2023-07-18', 'Vencida', 5.00),
(159, 21, '2024-02-10', '2024-03-10', NULL, 'Activa', 5.00),
(160, 1, '2023-09-05', '2023-10-05', '2023-10-05', 'Vencida', 4.99),
(161, 10, '2024-01-15', '2024-02-15', NULL, 'Activa', 12.50),
(162, 19, '2023-02-28', '2023-03-28', '2023-03-28', 'Vencida', 40.00),
(163, 15, '2024-02-01', '2024-03-01', NULL, 'Activa', 7.00),
(164, 3, '2023-05-12', '2023-06-12', '2023-06-12', 'Vencida', 5.00),
(165, 5, '2024-01-25', '2024-02-25', NULL, 'Activa', 5.00),
(166, 17, '2023-11-10', '2023-12-10', '2023-12-10', 'Vencida', 10.00),
(167, 42, '2024-02-08', '2024-03-08', NULL, 'Activa', 5.00),
(168, 11, '2023-04-14', '2023-05-14', '2023-05-14', 'Vencida', 4.99),
(169, 1, '2024-01-12', '2024-02-12', NULL, 'Activa', 4.99),
(170, 5, '2023-07-07', '2023-08-07', '2023-08-07', 'Vencida', 5.00),
(171, 15, '2024-02-15', '2024-03-15', NULL, 'Activa', 7.00),
(172, 10, '2023-10-01', '2023-11-01', '2023-11-01', 'Vencida', 12.50),
(173, 31, '2024-01-20', '2024-02-20', NULL, 'Activa', 15.00),
(174, 3, '2023-02-15', '2023-03-15', '2023-03-15', 'Vencida', 5.00),
(175, 17, '2024-01-10', '2024-02-10', NULL, 'Activa', 10.00),
(176, 42, '2023-08-20', '2023-09-20', '2023-09-20', 'Vencida', 5.00),
(177, 5, '2024-02-05', '2024-03-05', NULL, 'Activa', 5.00),
(178, 1, '2023-04-30', '2023-05-30', '2023-05-30', 'Vencida', 4.99),
(179, 15, '2024-01-18', '2024-02-18', NULL, 'Activa', 7.00),
(180, 10, '2023-11-12', '2023-12-12', '2023-12-12', 'Vencida', 12.50),

-- Bloque 2: Usuarios del 181 al 220
(181, 17, '2024-02-01', '2024-03-01', NULL, 'Activa', 10.00),
(182, 31, '2023-05-19', '2023-06-19', '2023-06-19', 'Vencida', 15.00),
(183, 1, '2024-01-25', '2024-02-25', NULL, 'Activa', 4.99),
(184, 5, '2022-12-10', '2023-01-10', '2023-01-10', 'Vencida', 5.00),
(185, 10, '2024-02-10', '2024-03-10', NULL, 'Activa', 12.50),
(186, 3, '2023-07-22', '2023-08-22', '2023-08-22', 'Vencida', 5.00),
(187, 42, '2024-01-15', '2024-02-15', NULL, 'Activa', 5.00),
(188, 19, '2023-03-12', '2023-04-12', '2023-04-12', 'Vencida', 40.00),
(189, 15, '2024-02-05', '2024-03-05', NULL, 'Activa', 7.00),
(190, 5, '2022-10-12', '2022-11-12', '2022-11-12', 'Vencida', 5.00),
(191, 17, '2024-01-12', '2024-02-12', NULL, 'Activa', 10.00),
(192, 2, '2023-01-30', '2023-02-28', '2023-02-28', 'Vencida', 14.99),
(193, 1, '2024-02-18', '2024-03-18', NULL, 'Activa', 4.99),
(194, 15, '2022-09-04', '2022-10-04', '2022-10-04', 'Vencida', 7.00),
(195, 10, '2024-01-30', '2024-02-29', NULL, 'Activa', 12.50),
(196, 42, '2023-04-20', '2023-05-20', '2023-05-20', 'Vencida', 5.00),
(197, 3, '2024-02-01', '2024-03-01', NULL, 'Activa', 5.00),
(198, 5, '2022-06-18', '2022-07-18', '2022-07-18', 'Vencida', 5.00),
(199, 17, '2024-01-22', '2024-02-22', NULL, 'Activa', 10.00),
(200, 31, '2023-11-20', '2023-12-20', '2023-12-20', 'Vencida', 15.00),
(201, 15, '2024-02-10', '2024-03-10', NULL, 'Activa', 7.00),
(202, 1, '2022-05-01', '2022-06-01', '2022-06-01', 'Vencida', 4.99),
(203, 10, '2024-01-15', '2024-02-15', NULL, 'Activa', 12.50),
(204, 19, '2023-08-15', '2023-09-15', '2023-09-15', 'Vencida', 40.00),
(205, 3, '2024-02-05', '2024-03-05', NULL, 'Activa', 5.00),
(206, 42, '2022-12-12', '2023-01-12', '2023-01-12', 'Vencida', 5.00),
(207, 15, '2024-01-28', '2024-02-28', NULL, 'Activa', 7.00),
(208, 1, '2023-06-15', '2023-07-15', '2023-07-15', 'Vencida', 4.99),
(209, 5, '2024-02-01', '2024-03-01', NULL, 'Activa', 5.00),
(210, 17, '2022-09-20', '2022-10-20', '2022-10-20', 'Vencida', 10.00),
(211, 10, '2024-01-10', '2024-02-10', NULL, 'Activa', 12.50),
(212, 31, '2023-02-14', '2023-03-14', '2023-03-14', 'Vencida', 15.00),
(213, 15, '2024-02-15', '2024-03-15', NULL, 'Activa', 7.00),
(214, 3, '2022-11-30', '2022-12-30', '2022-12-30', 'Vencida', 5.00),
(215, 1, '2024-01-05', '2024-02-05', NULL, 'Activa', 4.99),
(216, 5, '2023-04-18', '2023-05-18', '2023-05-18', 'Vencida', 5.00),
(217, 42, '2024-02-20', '2024-03-20', NULL, 'Activa', 5.00),
(218, 10, '2022-01-12', '2022-02-12', '2022-02-12', 'Vencida', 12.50),
(219, 17, '2024-01-15', '2024-02-15', NULL, 'Activa', 10.00),
(220, 1, '2023-11-01', '2023-12-01', '2023-12-01', 'Vencida', 4.99),

-- Bloque 3: Usuarios del 221 al 250
(221, 10, '2024-02-10', '2024-03-10', NULL, 'Activa', 12.50),
(222, 15, '2023-07-07', '2023-08-07', '2023-08-07', 'Vencida', 7.00),
(223, 3, '2024-01-25', '2024-02-25', NULL, 'Activa', 5.00),
(224, 42, '2022-04-20', '2022-05-20', '2022-05-20', 'Vencida', 5.00),
(225, 19, '2024-02-01', '2024-03-01', NULL, 'Activa', 40.00),
(226, 31, '2023-08-10', '2023-09-10', '2023-09-10', 'Vencida', 15.00),
(227, 15, '2024-01-12', '2024-02-12', NULL, 'Activa', 7.00),
(228, 1, '2022-10-10', '2022-11-10', '2022-11-10', 'Vencida', 4.99),
(229, 5, '2024-02-15', '2024-03-15', NULL, 'Activa', 5.00),
(230, 17, '2023-05-01', '2023-06-01', '2023-06-01', 'Vencida', 10.00),
(231, 3, '2024-01-30', '2024-02-29', NULL, 'Activa', 5.00),
(232, 42, '2022-12-25', '2023-01-25', '2023-01-25', 'Vencida', 5.00),
(233, 1, '2024-02-05', '2024-03-05', NULL, 'Activa', 4.99),
(234, 15, '2023-09-04', '2023-10-04', '2023-10-04', 'Vencida', 7.00),
(235, 10, '2024-01-20', '2024-02-20', NULL, 'Activa', 12.50),
(236, 5, '2022-01-30', '2022-02-28', '2022-02-28', 'Vencida', 5.00),
(237, 3, '2024-02-12', '2024-03-12', NULL, 'Activa', 5.00),
(238, 42, '2023-03-22', '2023-04-22', '2023-04-22', 'Vencida', 5.00),
(239, 15, '2024-02-18', '2024-03-18', NULL, 'Activa', 7.00),
(240, 1, '2022-07-07', '2022-08-07', '2022-08-07', 'Vencida', 4.99),
(241, 5, '2024-01-25', '2024-02-25', NULL, 'Activa', 5.00),
(242, 17, '2023-10-12', '2023-11-12', '2023-11-12', 'Vencida', 10.00),
(243, 3, '2024-02-01', '2024-03-01', NULL, 'Activa', 5.00),
(244, 10, '2022-05-19', '2022-06-19', '2022-06-19', 'Vencida', 12.50),
(245, 15, '2024-01-10', '2024-02-10', NULL, 'Activa', 7.00),
(246, 42, '2023-11-04', '2023-12-04', '2023-12-04', 'Vencida', 5.00),
(247, 1, '2024-02-22', '2024-03-22', NULL, 'Activa', 4.99),
(248, 5, '2022-03-12', '2022-04-12', '2022-04-12', 'Vencida', 5.00),
(249, 17, '2024-01-15', '2024-02-15', NULL, 'Activa', 10.00),
(250, 10, '2023-01-05', '2023-02-05', '2023-02-05', 'Vencida', 12.50);
